panel_id,hogar_id,ola,ano_encuesta,lat,lon,zona,region
P0001,1100001,1,2010,5.593164,-73.374365,2,6
P0002,1100002,1,2010,6.633508,-75.932739,2,7
P0004,1100004,1,2010,4.588644,-74.175499,1,1
P0005,1100005,1,2010,4.657982,-74.228663,1,1
P0006,1100006,1,2010,4.702767,-74.157071,1,1
P0007,1100007,1,2010,7.408631,-75.485717,2,7
P0010,1100010,1,2010,10.978364,-74.785057,1,4
P0012,1100012,1,2010,1.52733,-77.14251,2,8
P0013,1100013,1,2010,5.821385,-73.13307,2,6
P0015,1100015,1,2010,7.301323,-75.422026,2,7
P0016,1100016,1,2010,5.651661,-73.225756,2,6
P0017,1100017,1,2010,10.935177,-74.724864,1,4
P0018,1100018,1,2010,6.225432,-75.486411,1,2
P0019,1100019,1,2010,7.633864,-75.59948,2,7
P0020,1100020,1,2010,6.784744,-75.75864,2,7
P0022,1100022,1,2010,4.690638,-74.050063,1,1
P0023,1100023,1,2010,4.377555,-74.608051,2,1
P0024,1100024,1,2010,6.335444,-75.677694,1,2
P0025,1100025,1,2010,6.256253,-75.494225,1,2
P0026,1100026,1,2010,1.477906,-77.170439,2,8
P0027,1100027,1,2010,1.953791,-77.326931,2,8
P0028,1100028,1,2010,10.346505,-75.452513,1,5
P0029,1100029,1,2010,3.502742,-76.531036,1,3
P0030,1100030,1,2010,3.441566,-76.608994,1,3
P0031,1100031,1,2010,6.295298,-75.555381,1,2
P0034,1100034,1,2010,3.556107,-76.606964,1,3
P0035,1100035,1,2010,8.286253,-75.757076,2,9
P0037,1100037,1,2010,1.465491,-77.592096,2,8
P0039,1100039,1,2010,3.502117,-76.517166,1,3
P0040,1100040,1,2010,6.232368,-75.496772,1,2
P0041,1100041,1,2010,3.472327,-76.484937,1,3
P0042,1100042,1,2010,4.590411,-73.96998,1,1
P0043,1100043,1,2010,6.110747,-73.725975,2,6
P0044,1100044,1,2010,8.569954,-75.903115,2,9
P0045,1100045,1,2010,8.243535,-75.018174,2,9
P0046,1100046,1,2010,4.634504,-74.158956,1,1
P0047,1100047,1,2010,11.016929,-74.859476,1,4
P0048,1100048,1,2010,7.764943,-75.864809,2,9
P0049,1100049,1,2010,6.295679,-75.588747,1,2
P0050,1100050,1,2010,8.116965,-75.200686,2,9
P0051,1100051,1,2010,4.681509,-74.249262,1,1
P0053,1100053,1,2010,10.419054,-75.554114,1,5
P0054,1100054,1,2010,3.962959,-74.142191,2,1
P0055,1100055,1,2010,6.267225,-75.680289,1,2
P0056,1100056,1,2010,4.659561,-74.022636,1,1
P0057,1100057,1,2010,8.086464,-75.11915,2,9
P0058,1100058,1,2010,8.309329,-75.44912,2,9
P0059,1100059,1,2010,4.690891,-73.977246,1,1
P0060,1100060,1,2010,3.715569,-73.994923,2,1
P0061,1100061,1,2010,6.14524,-75.577007,1,2
P0062,1100062,1,2010,6.323809,-75.598219,1,2
P0064,1100064,1,2010,8.562266,-75.269608,2,9
P0065,1100065,1,2010,7.29821,-75.604951,2,7
P0066,1100066,1,2010,4.66345,-74.174707,1,1
P0068,1100068,1,2010,6.588274,-75.922414,2,7
P0069,1100069,1,2010,8.361584,-75.655051,2,9
P0071,1100071,1,2010,10.94253,-74.696111,1,4
P0072,1100072,1,2010,8.788327,-75.50918,2,9
P0073,1100073,1,2010,6.248696,-75.649759,1,2
P0075,1100075,1,2010,3.473665,-76.516822,1,3
P0076,1100076,1,2010,7.204919,-75.624122,2,7
P0077,1100077,1,2010,6.290759,-75.581348,1,2
P0078,1100078,1,2010,10.396695,-75.52922,1,5
P0079,1100079,1,2010,8.592345,-75.130135,2,9
P0080,1100080,1,2010,7.406422,-75.566985,2,7
P0081,1100081,1,2010,10.956186,-74.757841,1,4
P0082,1100082,1,2010,3.482297,-76.566387,1,3
P0083,1100083,1,2010,1.368088,-77.319615,2,8
P0084,1100084,1,2010,4.749198,-74.006243,1,1
P0085,1100085,1,2010,5.679679,-72.786567,2,6
P0086,1100086,1,2010,3.53926,-76.534461,1,3
P0087,1100087,1,2010,4.599732,-74.022498,1,1
P0088,1100088,1,2010,6.179458,-75.533601,1,2
P0089,1100089,1,2010,7.434321,-75.861387,2,7
P0090,1100090,1,2010,6.259418,-75.516943,1,2
P0091,1100091,1,2010,3.513243,-76.53575,1,3
P0092,1100092,1,2010,5.878599,-73.45717,2,6
P0093,1100093,1,2010,8.050607,-76.192169,2,9
P0094,1100094,1,2010,6.311941,-75.635812,1,2
P0096,1100096,1,2010,7.179548,-75.672506,2,7
P0097,1100097,1,2010,8.616267,-75.534655,2,9
P0098,1100098,1,2010,5.648035,-73.092021,2,6
P0099,1100099,1,2010,6.651605,-75.191763,2,7
P0101,1100101,1,2010,10.338316,-75.528491,1,5
P0102,1100102,1,2010,8.750232,-75.156062,2,9
P0103,1100103,1,2010,8.570164,-75.63526,2,9
P0104,1100104,1,2010,4.130462,-74.821971,2,1
P0105,1100105,1,2010,1.413441,-77.853998,2,8
P0106,1100106,1,2010,4.652771,-74.162985,1,1
P0107,1100107,1,2010,5.708468,-73.208186,2,6
P0108,1100108,1,2010,11.054253,-74.830484,1,4
P0109,1100109,1,2010,5.771725,-73.233799,2,6
P0111,1100111,1,2010,3.49513,-76.519398,1,3
P0112,1100112,1,2010,1.374183,-77.31338,2,8
P0114,1100114,1,2010,4.708027,-74.087014,1,1
P0116,1100116,1,2010,1.674595,-77.173856,2,8
P0117,1100117,1,2010,6.26575,-75.721282,1,2
P0118,1100118,1,2010,6.267112,-75.617982,1,2
P0121,1100121,1,2010,8.784285,-75.737626,2,9
P0122,1100122,1,2010,8.504258,-74.974002,2,9
P0123,1100123,1,2010,7.414775,-75.427593,2,7
P0124,1100124,1,2010,8.555525,-75.650035,2,9
P0125,1100125,1,2010,5.550522,-72.957443,2,6
P0126,1100126,1,2010,6.149077,-75.579469,1,2
P0127,1100127,1,2010,6.235032,-75.581734,1,2
P0128,1100128,1,2010,4.020977,-74.418012,2,1
P0129,1100129,1,2010,6.324432,-75.60686,1,2
P0131,1100131,1,2010,6.253004,-75.571048,1,2
P0133,1100133,1,2010,6.367524,-75.547138,1,2
P0134,1100134,1,2010,4.62219,-74.054659,1,1
P0135,1100135,1,2010,10.954686,-74.78399,1,4
P0137,1100137,1,2010,8.905861,-75.322443,2,9
P0138,1100138,1,2010,4.557165,-74.089602,1,1
P0139,1100139,1,2010,10.390036,-75.53944,1,5
P0140,1100140,1,2010,4.66443,-73.950181,1,1
P0141,1100141,1,2010,8.440952,-75.504918,2,9
P0142,1100142,1,2010,3.454295,-76.485608,1,3
P0143,1100143,1,2010,7.338483,-75.768575,2,7
P0144,1100144,1,2010,10.446447,-75.524291,1,5
P0145,1100145,1,2010,6.147164,-72.603789,2,6
P0146,1100146,1,2010,4.184661,-74.410447,2,1
P0147,1100147,1,2010,4.764133,-74.008413,1,1
P0148,1100148,1,2010,6.245395,-75.660593,1,2
P0149,1100149,1,2010,6.867043,-75.183411,2,7
P0150,1100150,1,2010,3.509943,-76.553508,1,3
P0151,1100151,1,2010,6.170056,-75.592121,1,2
P0152,1100152,1,2010,8.033141,-75.610254,2,9
P0153,1100153,1,2010,3.479709,-76.5,1,3
P0154,1100154,1,2010,10.462069,-75.530217,1,5
P0155,1100155,1,2010,4.595468,-74.184565,1,1
P0156,1100156,1,2010,4.653509,-73.998124,1,1
P0157,1100157,1,2010,3.387111,-76.544077,1,3
P0158,1100158,1,2010,4.652125,-74.202258,1,1
P0159,1100159,1,2010,10.355379,-75.399878,1,5
P0160,1100160,1,2010,10.996638,-74.820772,1,4
P0161,1100161,1,2010,3.432178,-76.621069,1,3
P0162,1100162,1,2010,1.352098,-77.64518,2,8
P0163,1100163,1,2010,4.806426,-74.067775,1,1
P0164,1100164,1,2010,5.706073,-72.988166,2,6
P0165,1100165,1,2010,6.658832,-75.650635,2,7
P0166,1100166,1,2010,6.932494,-75.138382,2,7
P0167,1100167,1,2010,6.093788,-72.667979,2,6
P0168,1100168,1,2010,4.583955,-74.915272,2,1
P0169,1100169,1,2010,5.9467,-72.934974,2,6
P0170,1100170,1,2010,10.898709,-74.805278,1,4
P0171,1100171,1,2010,3.428882,-76.507853,1,3
P0172,1100172,1,2010,4.626751,-74.034915,1,1
P0173,1100173,1,2010,1.98397,-77.771348,2,8
P0174,1100174,1,2010,8.663096,-75.704319,2,9
P0175,1100175,1,2010,10.984258,-74.755416,1,4
P0176,1100176,1,2010,3.682338,-74.494858,2,1
P0177,1100177,1,2010,7.444548,-75.768989,2,7
P0179,1100179,1,2010,6.060832,-73.223152,2,6
P0180,1100180,1,2010,8.573396,-75.878816,2,9
P0182,1100182,1,2010,3.748107,-74.977677,2,1
P0183,1100183,1,2010,4.64383,-74.20252,1,1
P0184,1100184,1,2010,1.646659,-77.177491,2,8
P0185,1100185,1,2010,4.361078,-74.486877,2,1
P0186,1100186,1,2010,4.662495,-74.130251,1,1
P0187,1100187,1,2010,4.614853,-73.954281,1,1
P0188,1100188,1,2010,4.596091,-74.040998,1,1
P0189,1100189,1,2010,6.255597,-75.488904,1,2
P0190,1100190,1,2010,1.498778,-77.626802,2,8
P0191,1100191,1,2010,10.394294,-75.540318,1,5
P0192,1100192,1,2010,1.653594,-77.588443,2,8
P0193,1100193,1,2010,6.291901,-75.62942,1,2
P0194,1100194,1,2010,5.990419,-73.362663,2,6
P0195,1100195,1,2010,4.29162,-74.527666,2,1
P0197,1100197,1,2010,3.407511,-76.575867,1,3
P0198,1100198,1,2010,6.204737,-75.608372,1,2
P0199,1100199,1,2010,4.615222,-74.028925,1,1
P0200,1100200,1,2010,8.259131,-75.499323,2,9
P0201,1100201,1,2010,3.477754,-76.48354,1,3
P0202,1100202,1,2010,1.701781,-77.733056,2,8
P0203,1100203,1,2010,4.618759,-74.176761,1,1
P0204,1100204,1,2010,4.699407,-74.031857,1,1
P0206,1100206,1,2010,8.278799,-75.72957,2,9
P0207,1100207,1,2010,5.652648,-73.006032,2,6
P0208,1100208,1,2010,4.624114,-74.019414,1,1
P0209,1100209,1,2010,10.36531,-75.545641,1,5
P0210,1100210,1,2010,10.926587,-74.752884,1,4
P0211,1100211,1,2010,10.92923,-74.715061,1,4
P0212,1100212,1,2010,1.901502,-77.479332,2,8
P0213,1100213,1,2010,4.139388,-74.090502,2,1
P0214,1100214,1,2010,6.303726,-75.670451,1,2
P0216,1100216,1,2010,3.786971,-74.512924,2,1
P0217,1100217,1,2010,1.185938,-77.464368,2,8
P0218,1100218,1,2010,8.010733,-75.627893,2,9
P0219,1100219,1,2010,3.447889,-73.919472,2,1
P0220,1100220,1,2010,3.366439,-76.472964,1,3
P0222,1100222,1,2010,1.545262,-77.162692,2,8
P0223,1100223,1,2010,1.463645,-77.313523,2,8
P0224,1100224,1,2010,6.237479,-75.536482,1,2
P0225,1100225,1,2010,4.62931,-74.116877,1,1
P0226,1100226,1,2010,8.173519,-75.969696,2,9
P0227,1100227,1,2010,6.297473,-75.476871,1,2
P0228,1100228,1,2010,4.651487,-74.107201,1,1
P0229,1100229,1,2010,4.670487,-73.919802,1,1
P0230,1100230,1,2010,4.540708,-73.928537,1,1
P0231,1100231,1,2010,6.582224,-75.140723,2,7
P0232,1100232,1,2010,4.2168,-74.581221,2,1
P0233,1100233,1,2010,4.697263,-73.904625,1,1
P0234,1100234,1,2010,6.29904,-75.52534,1,2
P0235,1100235,1,2010,8.453758,-75.933427,2,9
P0236,1100236,1,2010,3.37724,-76.494036,1,3
P0237,1100237,1,2010,6.993412,-75.098272,2,7
P0238,1100238,1,2010,11.018201,-74.84283,1,4
P0239,1100239,1,2010,6.270472,-75.547046,1,2
P0240,1100240,1,2010,7.004888,-75.827799,2,7
P0241,1100241,1,2010,5.338813,-72.7609,2,6
P0242,1100242,1,2010,10.972881,-74.841996,1,4
P0243,1100243,1,2010,3.47752,-76.547088,1,3
P0244,1100244,1,2010,10.937076,-74.771791,1,4
P0245,1100245,1,2010,5.78291,-73.164199,2,6
P0246,1100246,1,2010,10.351799,-75.499694,1,5
P0247,1100247,1,2010,3.91352,-74.573197,2,1
P0248,1100248,1,2010,1.422866,-77.199314,2,8
P0249,1100249,1,2010,8.34809,-75.226302,2,9
P0250,1100250,1,2010,4.598556,-74.194339,1,1
P0251,1100251,1,2010,4.550815,-74.125679,1,1
P0252,1100252,1,2010,4.667568,-74.182519,1,1
P0253,1100253,1,2010,8.239781,-75.844116,2,9
P0254,1100254,1,2010,3.543935,-76.537493,1,3
P0255,1100255,1,2010,10.893499,-74.800017,1,4
P0256,1100256,1,2010,10.914343,-74.746917,1,4
P0257,1100257,1,2010,4.646838,-74.15459,1,1
P0258,1100258,1,2010,6.873133,-75.347372,2,7
P0259,1100259,1,2010,6.233118,-75.554089,1,2
P0260,1100260,1,2010,6.116838,-75.721146,2,7
P0261,1100261,1,2010,6.126431,-75.563152,1,2
P0262,1100262,1,2010,4.158865,-74.452171,2,1
P0263,1100263,1,2010,6.234439,-75.596704,1,2
P0264,1100264,1,2010,3.419146,-76.536805,1,3
P0265,1100265,1,2010,3.440495,-76.521869,1,3
P0267,1100267,1,2010,7.096775,-75.188983,2,7
P0269,1100269,1,2010,3.734394,-74.858014,2,1
P0270,1100270,1,2010,3.562382,-76.537747,1,3
P0271,1100271,1,2010,6.159599,-75.514711,1,2
P0273,1100273,1,2010,6.428694,-75.508264,2,7
P0275,1100275,1,2010,4.496128,-74.117702,1,1
P0276,1100276,1,2010,6.180278,-75.427543,1,2
P0277,1100277,1,2010,6.261482,-75.448353,1,2
P0278,1100278,1,2010,4.623473,-74.044585,1,1
P0279,1100279,1,2010,4.610454,-74.04226,1,1
P0280,1100280,1,2010,6.703498,-75.395477,2,7
P0281,1100281,1,2010,6.260371,-75.612171,1,2
P0282,1100282,1,2010,3.444916,-76.493296,1,3
P0283,1100283,1,2010,4.626686,-74.189937,1,1
P0285,1100285,1,2010,6.009773,-73.309478,2,6
P0288,1100288,1,2010,4.619921,-74.050077,1,1
P0289,1100289,1,2010,6.588967,-75.559809,2,7
P0290,1100290,1,2010,7.357402,-75.028034,2,7
P0291,1100291,1,2010,10.395271,-75.447115,1,5
P0292,1100292,1,2010,6.244383,-75.603851,1,2
P0293,1100293,1,2010,3.446062,-76.522594,1,3
P0294,1100294,1,2010,4.549784,-74.163261,1,1
P0295,1100295,1,2010,6.062769,-72.645684,2,6
P0296,1100296,1,2010,8.26978,-75.131125,2,9
P0297,1100297,1,2010,4.455487,-74.144613,1,1
P0298,1100298,1,2010,1.263118,-77.78504,2,8
P0299,1100299,1,2010,3.817986,-73.808311,2,1
P0300,1100300,1,2010,1.715204,-77.380233,2,8
P0301,1100301,1,2010,4.573538,-74.192,1,1
P0302,1100302,1,2010,4.56367,-74.133407,1,1
P0303,1100303,1,2010,4.685888,-74.183472,1,1
P0304,1100304,1,2010,11.038032,-74.75496,1,4
P0306,1100306,1,2010,10.975345,-74.858837,1,4
P0308,1100308,1,2010,1.34053,-77.565217,2,8
P0310,1100310,1,2010,4.782845,-74.253678,1,1
P0311,1100311,1,2010,6.018448,-73.197614,2,6
P0312,1100312,1,2010,10.390038,-75.502386,1,5
P0313,1100313,1,2010,10.903232,-74.725307,1,4
P0315,1100315,1,2010,6.241649,-75.641302,1,2
P0318,1100318,1,2010,8.458821,-75.909668,2,9
P0319,1100319,1,2010,4.654764,-74.042982,1,1
P0320,1100320,1,2010,1.729005,-77.113319,2,8
P0321,1100321,1,2010,4.640802,-74.071036,1,1
P0322,1100322,1,2010,10.915169,-74.824397,1,4
P0323,1100323,1,2010,4.474236,-74.23253,1,1
P0325,1100325,1,2010,1.580596,-77.253645,2,8
P0326,1100326,1,2010,8.558508,-75.950475,2,9
P0327,1100327,1,2010,6.187012,-75.547917,1,2
P0328,1100328,1,2010,4.722328,-74.169271,1,1
P0329,1100329,1,2010,3.361171,-76.584977,1,3
P0330,1100330,1,2010,1.515133,-78.01756,2,8
P0332,1100332,1,2010,6.255178,-75.508051,1,2
P0333,1100333,1,2010,6.886147,-75.690818,2,7
P0334,1100334,1,2010,4.651712,-74.147628,1,1
P0335,1100335,1,2010,4.581735,-74.154542,1,1
P0337,1100337,1,2010,3.390654,-76.480264,1,3
P0338,1100338,1,2010,4.623978,-74.051076,1,1
P0339,1100339,1,2010,10.927299,-74.756966,1,4
P0342,1100342,1,2010,4.496979,-74.185367,1,1
P0343,1100343,1,2010,5.593633,-73.216471,2,6
P0345,1100345,1,2010,4.56144,-74.169292,1,1
P0346,1100346,1,2010,10.350395,-75.512609,1,5
P0348,1100348,1,2010,6.229547,-75.424193,1,2
P0349,1100349,1,2010,6.182511,-75.610007,1,2
P0350,1100350,1,2010,10.875719,-74.79299,1,4
P0351,1100351,1,2010,4.776639,-74.080771,1,1
P0353,1100353,1,2010,4.621539,-74.08749,1,1
P0354,1100354,1,2010,6.943698,-75.49874,2,7
P0356,1100356,1,2010,10.989456,-74.790022,1,4
P0357,1100357,1,2010,6.369257,-72.703438,2,6
P0358,1100358,1,2010,8.119133,-75.397066,2,9
P0359,1100359,1,2010,6.293585,-75.68226,1,2
P0360,1100360,1,2010,6.286993,-75.514214,1,2
P0361,1100361,1,2010,5.215205,-72.996108,2,6
P0362,1100362,1,2010,3.811878,-74.499168,2,1
P0364,1100364,1,2010,4.676704,-74.054393,1,1
P0365,1100365,1,2010,10.92302,-74.8563,1,4
P0366,1100366,1,2010,3.52584,-76.455116,1,3
P0367,1100367,1,2010,8.735958,-75.909695,2,9
P0369,1100369,1,2010,3.654502,-74.393572,2,1
P0370,1100370,1,2010,3.490145,-76.487634,1,3
P0371,1100371,1,2010,10.952687,-74.81352,1,4
P0372,1100372,1,2010,10.967722,-74.834186,1,4
P0373,1100373,1,2010,4.688284,-74.058385,1,1
P0374,1100374,1,2010,3.497195,-76.47547,1,3
P0375,1100375,1,2010,7.252287,-75.788606,2,7
P0376,1100376,1,2010,1.947733,-77.272484,2,8
P0377,1100377,1,2010,6.167144,-75.59681,1,2
P0379,1100379,1,2010,7.001056,-75.574628,2,7
P0380,1100380,1,2010,10.969706,-74.737985,1,4
P0381,1100381,1,2010,4.666565,-74.114954,1,1
P0382,1100382,1,2010,7.105347,-75.495097,2,7
P0383,1100383,1,2010,6.296554,-75.564014,1,2
P0384,1100384,1,2010,3.454155,-76.503588,1,3
P0385,1100385,1,2010,5.315809,-72.824244,2,6
P0386,1100386,1,2010,10.342515,-75.484232,1,5
P0387,1100387,1,2010,6.932644,-75.035332,2,7
P0388,1100388,1,2010,4.395345,-74.436547,2,1
P0389,1100389,1,2010,6.140048,-75.529007,1,2
P0390,1100390,1,2010,4.756251,-74.090602,1,1
P0391,1100391,1,2010,6.234349,-75.637395,1,2
P0392,1100392,1,2010,5.895649,-72.909548,2,6
P0394,1100394,1,2010,4.470559,-74.412888,2,1
P0395,1100395,1,2010,11.037736,-74.83369,1,4
P0396,1100396,1,2010,4.754072,-74.131318,1,1
P0397,1100397,1,2010,6.253937,-75.565581,1,2
P0398,1100398,1,2010,3.433781,-74.650386,2,1
P0399,1100399,1,2010,10.971817,-74.716189,1,4
P0401,1100401,1,2010,6.007099,-73.290948,2,6
P0402,1100402,1,2010,6.29733,-75.607161,1,2
P0404,1100404,1,2010,6.191984,-75.581353,1,2
P0405,1100405,1,2010,1.552377,-77.061461,2,8
P0407,1100407,1,2010,4.580978,-74.127691,1,1
P0408,1100408,1,2010,3.438391,-76.530261,1,3
P0409,1100409,1,2010,4.69611,-74.059008,1,1
P0410,1100410,1,2010,8.572284,-75.559518,2,9
P0411,1100411,1,2010,10.906452,-74.883435,1,4
P0412,1100412,1,2010,4.66289,-74.134528,1,1
P0413,1100413,1,2010,3.525777,-76.452727,1,3
P0414,1100414,1,2010,3.395786,-76.586452,1,3
P0415,1100415,1,2010,5.790854,-72.965799,2,6
P0416,1100416,1,2010,4.360367,-74.874133,2,1
P0417,1100417,1,2010,3.452195,-76.503046,1,3
P0418,1100418,1,2010,7.111263,-75.535613,2,7
P0419,1100419,1,2010,8.791276,-75.19916,2,9
P0420,1100420,1,2010,4.311055,-74.648935,2,1
P0421,1100421,1,2010,4.687532,-73.938134,1,1
P0423,1100423,1,2010,4.729457,-73.942991,1,1
P0424,1100424,1,2010,4.7826,-74.071378,1,1
P0425,1100425,1,2010,1.52281,-77.463671,2,8
P0426,1100426,1,2010,1.198888,-77.591357,2,8
P0427,1100427,1,2010,7.055541,-76.122025,2,7
P0428,1100428,1,2010,10.40216,-75.502482,1,5
P0429,1100429,1,2010,4.19563,-74.755353,2,1
P0430,1100430,1,2010,6.131259,-75.577566,1,2
P0431,1100431,1,2010,3.419682,-76.62306,1,3
P0434,1100434,1,2010,8.352368,-75.60104,2,9
P0436,1100436,1,2010,10.369217,-75.497446,1,5
P0437,1100437,1,2010,1.784947,-77.562316,2,8
P0438,1100438,1,2010,10.901801,-74.762951,1,4
P0439,1100439,1,2010,6.362953,-75.529156,1,2
P0440,1100440,1,2010,3.474117,-76.454116,1,3
P0441,1100441,1,2010,3.448818,-76.515076,1,3
P0442,1100442,1,2010,4.579449,-73.988036,1,1
P0443,1100443,1,2010,4.632007,-74.028104,1,1
P0444,1100444,1,2010,10.417672,-75.459554,1,5
P0447,1100447,1,2010,10.389726,-75.591458,1,5
P0448,1100448,1,2010,3.98241,-74.422761,2,1
P0449,1100449,1,2010,6.355927,-75.632896,1,2
P0450,1100450,1,2010,10.866318,-74.805574,1,4
P0451,1100451,1,2010,10.952457,-74.705432,1,4
P0452,1100452,1,2010,6.926809,-76.51353,2,7
P0453,1100453,1,2010,6.947157,-75.505285,2,7
P0455,1100455,1,2010,7.191039,-75.93699,2,7
P0456,1100456,1,2010,8.360645,-75.311249,2,9
P0457,1100457,1,2010,10.384199,-75.441924,1,5
P0458,1100458,1,2010,6.282305,-75.66102,1,2
P0459,1100459,1,2010,6.185062,-72.94529,2,6
P0460,1100460,1,2010,10.8943,-74.792952,1,4
P0461,1100461,1,2010,4.151637,-74.197569,2,1
P0462,1100462,1,2010,10.345616,-75.491146,1,5
P0463,1100463,1,2010,1.183924,-77.753811,2,8
P0464,1100464,1,2010,10.372095,-75.535327,1,5
P0465,1100465,1,2010,4.671675,-74.006095,1,1
P0467,1100467,1,2010,11.024043,-74.91139,1,4
P0468,1100468,1,2010,3.462317,-76.581734,1,3
P0469,1100469,1,2010,4.665996,-73.996493,1,1
P0470,1100470,1,2010,8.408594,-75.675849,2,7
P0472,1100472,1,2010,8.581607,-75.708929,2,9
P0473,1100473,1,2010,5.811506,-73.197097,2,6
P0474,1100474,1,2010,10.956209,-74.803992,1,4
P0475,1100475,1,2010,10.318623,-75.473529,1,5
P0476,1100476,1,2010,8.44624,-75.797863,2,9
P0479,1100479,1,2010,10.878505,-74.775806,1,4
P0480,1100480,1,2010,3.411956,-76.60457,1,3
P0481,1100481,1,2010,6.215811,-75.572468,1,2
P0483,1100483,1,2010,4.036203,-74.744958,2,1
P0485,1100485,1,2010,4.704567,-74.080407,1,1
P0486,1100486,1,2010,4.774849,-74.131945,1,1
P0487,1100487,1,2010,10.426883,-75.533413,1,5
P0489,1100489,1,2010,3.570448,-76.462879,1,3
P0491,1100491,1,2010,10.971055,-74.824064,1,4
P0493,1100493,1,2010,4.530452,-74.046883,1,1
P0494,1100494,1,2010,1.476928,-77.298068,2,8
P0495,1100495,1,2010,6.150929,-75.57081,1,2
P0496,1100496,1,2010,4.152823,-74.617851,2,1
P0497,1100497,1,2010,4.685524,-74.251418,1,1
P0498,1100498,1,2010,2.231317,-77.379472,2,8
P0499,1100499,1,2010,1.872644,-77.292052,2,8
P0500,1100500,1,2010,1.389906,-77.587545,2,8
P0501,1100501,1,2010,3.471576,-76.478431,1,3
P0502,1100502,1,2010,6.302614,-75.650654,1,2
P0503,1100503,1,2010,5.870523,-72.770032,2,6
P0504,1100504,1,2010,4.716655,-74.172623,1,1
P0505,1100505,1,2010,8.742564,-75.698277,2,9
P0506,1100506,1,2010,5.860098,-72.446913,2,6
P0507,1100507,1,2010,6.682843,-75.438805,2,7
P0508,1100508,1,2010,1.612835,-77.685861,2,8
P0509,1100509,1,2010,8.776615,-75.250352,2,9
P0510,1100510,1,2010,1.904136,-77.399633,2,8
P0512,1100512,1,2010,6.696167,-75.231868,2,7
P0513,1100513,1,2010,6.189133,-75.572002,1,2
P0514,1100514,1,2010,3.467332,-76.551988,1,3
P0515,1100515,1,2010,11.026826,-74.824695,1,4
P0516,1100516,1,2010,10.442674,-75.564621,1,5
P0517,1100517,1,2010,6.27109,-75.559259,1,2
P0518,1100518,1,2010,10.929017,-74.908093,1,4
P0519,1100519,1,2010,3.457488,-76.493267,1,3
P0520,1100520,1,2010,4.527207,-74.093386,1,1
P0521,1100521,1,2010,4.628852,-74.009609,1,1
P0522,1100522,1,2010,4.853779,-73.939633,1,1
P0523,1100523,1,2010,5.461861,-73.011366,2,6
P0524,1100524,1,2010,5.770477,-72.993513,2,6
P0525,1100525,1,2010,10.9335,-74.879101,1,4
P0526,1100526,1,2010,8.171785,-75.884959,2,9
P0528,1100528,1,2010,4.558298,-73.914882,1,1
P0529,1100529,1,2010,6.215589,-75.566456,1,2
P0531,1100531,1,2010,4.652153,-74.124769,1,1
P0532,1100532,1,2010,8.537152,-74.975381,2,9
P0533,1100533,1,2010,8.238177,-75.484812,2,9
P0534,1100534,1,2010,4.055736,-74.485666,2,1
P0535,1100535,1,2010,6.529194,-75.393869,2,7
P0536,1100536,1,2010,3.441695,-76.451849,1,3
P0537,1100537,1,2010,3.814033,-74.512675,2,1
P0538,1100538,1,2010,1.322534,-77.528668,2,8
P0539,1100539,1,2010,10.911282,-74.851387,1,4
P0540,1100540,1,2010,3.642961,-74.797458,2,1
P0541,1100541,1,2010,8.237735,-75.535671,2,9
P0542,1100542,1,2010,3.389495,-76.454499,1,3
P0543,1100543,1,2010,6.280589,-75.554473,1,2
P0544,1100544,1,2010,4.630396,-74.070583,1,1
P0545,1100545,1,2010,1.470336,-77.322001,2,8
P0546,1100546,1,2010,3.359271,-76.506434,1,3
P0547,1100547,1,2010,4.225636,-74.337004,2,1
P0548,1100548,1,2010,10.372412,-75.493516,1,5
P0549,1100549,1,2010,4.750798,-73.993337,1,1
P0550,1100550,1,2010,4.050207,-74.534143,2,1
P0551,1100551,1,2010,3.485538,-76.562367,1,3
P0552,1100552,1,2010,7.246532,-75.50427,2,7
P0553,1100553,1,2010,6.222643,-75.545645,1,2
P0554,1100554,1,2010,3.438271,-76.517669,1,3
P0555,1100555,1,2010,6.298584,-73.434542,2,6
P0556,1100556,1,2010,6.246593,-75.525048,1,2
P0557,1100557,1,2010,7.488295,-75.736247,2,7
P0558,1100558,1,2010,5.849175,-72.663472,2,6
P0559,1100559,1,2010,6.250028,-75.607158,1,2
P0560,1100560,1,2010,3.433586,-76.490281,1,3
P0561,1100561,1,2010,6.723577,-74.651319,2,7
P0562,1100562,1,2010,6.14031,-75.646868,1,2
P0563,1100563,1,2010,4.656745,-74.072107,1,1
P0564,1100564,1,2010,6.281532,-75.583063,1,2
P0565,1100565,1,2010,4.490181,-74.000232,1,1
P0566,1100566,1,2010,8.642878,-75.269612,2,9
P0568,1100568,1,2010,4.686103,-73.970727,1,1
P0569,1100569,1,2010,11.006106,-74.714067,1,4
P0570,1100570,1,2010,4.49845,-74.363367,2,1
P0571,1100571,1,2010,4.061319,-74.429103,2,1
P0572,1100572,1,2010,6.76341,-75.31735,2,7
P0573,1100573,1,2010,4.806135,-74.113679,1,1
P0574,1100574,1,2010,7.431958,-75.293962,2,7
P0575,1100575,1,2010,6.282495,-75.484115,1,2
P0576,1100576,1,2010,6.214314,-75.49806,1,2
P0577,1100577,1,2010,5.657949,-73.469157,2,6
P0578,1100578,1,2010,8.226051,-75.30661,2,9
P0579,1100579,1,2010,4.761709,-74.16344,1,1
P0580,1100580,1,2010,3.467485,-76.581917,1,3
P0581,1100581,1,2010,1.200592,-77.535024,2,8
P0582,1100582,1,2010,10.445905,-75.479051,1,5
P0583,1100583,1,2010,6.172336,-75.585534,1,2
P0584,1100584,1,2010,4.582593,-74.249696,1,1
P0585,1100585,1,2010,4.723109,-74.172693,1,1
P0586,1100586,1,2010,10.995155,-74.80564,1,4
P0587,1100587,1,2010,4.180275,-74.26704,2,1
P0588,1100588,1,2010,4.680293,-74.007817,1,1
P0589,1100589,1,2010,6.943927,-75.329057,2,7
P0591,1100591,1,2010,4.578265,-73.90419,1,1
P0592,1100592,1,2010,4.56133,-73.989574,1,1
P0593,1100593,1,2010,10.406766,-75.501159,1,5
P0594,1100594,1,2010,3.440108,-76.425717,1,3
P0595,1100595,1,2010,3.371066,-74.723594,2,1
P0596,1100596,1,2010,6.239874,-75.676164,1,2
P0597,1100597,1,2010,10.407219,-75.469,1,5
P0598,1100598,1,2010,3.382996,-76.479709,1,3
P0599,1100599,1,2010,5.579831,-73.056211,2,6
P0600,1100600,1,2010,1.407491,-78.145456,2,8
P0601,1100601,1,2010,1.789599,-77.396901,2,8
P0602,1100602,1,2010,3.421775,-76.598709,1,3
P0603,1100603,1,2010,4.64358,-74.186773,1,1
P0606,1100606,1,2010,11.070491,-74.791134,1,4
P0607,1100607,1,2010,10.403574,-75.445584,1,5
P0608,1100608,1,2010,10.891345,-74.789197,1,4
P0609,1100609,1,2010,6.327774,-75.634191,1,2
P0611,1100611,1,2010,4.633029,-73.993033,1,1
P0612,1100612,1,2010,10.412236,-75.487799,1,5
P0613,1100613,1,2010,10.963516,-74.778717,1,4
P0614,1100614,1,2010,10.438826,-75.5271,1,5
P0616,1100616,1,2010,6.614801,-75.611869,2,7
P0617,1100617,1,2010,10.356193,-75.521986,1,5
P0618,1100618,1,2010,3.579197,-73.970658,2,1
P0619,1100619,1,2010,10.3628,-75.452862,1,5
P0620,1100620,1,2010,6.210706,-75.71717,1,2
P0621,1100621,1,2010,7.327539,-75.52596,2,7
P0622,1100622,1,2010,10.434325,-75.452755,1,5
P0623,1100623,1,2010,6.236332,-75.530482,1,2
P0624,1100624,1,2010,4.664862,-73.973653,1,1
P0625,1100625,1,2010,5.868064,-73.781682,2,6
P0626,1100626,1,2010,1.753565,-77.634051,2,8
P0627,1100627,1,2010,6.16929,-75.510661,1,2
P0628,1100628,1,2010,5.518229,-72.853112,2,6
P0630,1100630,1,2010,3.384723,-76.470192,1,3
P0631,1100631,1,2010,5.496936,-72.744313,2,6
P0633,1100633,1,2010,3.37037,-76.600936,1,3
P0634,1100634,1,2010,4.584618,-74.080235,1,1
P0635,1100635,1,2010,3.375202,-76.531054,1,3
P0636,1100636,1,2010,10.92255,-74.832861,1,4
P0637,1100637,1,2010,9.075605,-75.468349,2,9
P0638,1100638,1,2010,8.468324,-75.749117,2,9
P0639,1100639,1,2010,4.668684,-74.006103,1,1
P0640,1100640,1,2010,1.696068,-77.649081,2,8
P0641,1100641,1,2010,4.601979,-74.001532,1,1
P0642,1100642,1,2010,6.253219,-75.621865,1,2
P0643,1100643,1,2010,6.317035,-75.567624,1,2
P0644,1100644,1,2010,4.769729,-74.048409,1,1
P0646,1100646,1,2010,6.256716,-75.623722,1,2
P0648,1100648,1,2010,6.721628,-75.035975,2,7
P0649,1100649,1,2010,4.659459,-74.05355,1,1
P0650,1100650,1,2010,10.975268,-74.868784,1,4
P0651,1100651,1,2010,3.546632,-76.481149,1,3
P0652,1100652,1,2010,4.601144,-74.049025,1,1
P0653,1100653,1,2010,8.366565,-75.568519,2,9
P0654,1100654,1,2010,3.960163,-74.213924,2,1
P0655,1100655,1,2010,6.276306,-75.603532,1,2
P0656,1100656,1,2010,4.573492,-74.097845,1,1
P0657,1100657,1,2010,1.468624,-77.327193,2,8
P0658,1100658,1,2010,4.606945,-73.963782,1,1
P0660,1100660,1,2010,1.940408,-77.33374,2,8
P0662,1100662,1,2010,5.892586,-72.638657,2,6
P0663,1100663,1,2010,1.48507,-77.328073,2,8
P0664,1100664,1,2010,2.018218,-77.358262,2,8
P0667,1100667,1,2010,4.683144,-74.166335,1,1
P0668,1100668,1,2010,6.330321,-75.677223,1,2
P0669,1100669,1,2010,10.95838,-74.893836,1,4
P0670,1100670,1,2010,4.181264,-74.779214,2,1
P0671,1100671,1,2010,6.108165,-73.489751,2,6
P0672,1100672,1,2010,5.402349,-73.034543,2,6
P0673,1100673,1,2010,3.462479,-76.456729,1,3
P0674,1100674,1,2010,1.486283,-77.481707,2,8
P0675,1100675,1,2010,10.463277,-75.510997,1,5
P0676,1100676,1,2010,7.77207,-75.643175,2,9
P0677,1100677,1,2010,6.37475,-75.468018,1,2
P0678,1100678,1,2010,8.551301,-75.448535,2,9
P0679,1100679,1,2010,5.859305,-73.052654,2,6
P0680,1100680,1,2010,6.070886,-75.318106,2,7
P0681,1100681,1,2010,0.9463,-77.097549,2,8
P0682,1100682,1,2010,3.386762,-76.49604,1,3
P0683,1100683,1,2010,4.56814,-73.972958,1,1
P0684,1100684,1,2010,4.76428,-74.098506,1,1
P0685,1100685,1,2010,6.184537,-75.610661,1,2
P0686,1100686,1,2010,7.060797,-76.433651,2,7
P0688,1100688,1,2010,4.534214,-74.136015,1,1
P0691,1100691,1,2010,8.514524,-75.51946,2,9
P0693,1100693,1,2010,3.480975,-76.49294,1,3
P0694,1100694,1,2010,4.603259,-73.952223,1,1
P0695,1100695,1,2010,6.273388,-75.511195,1,2
P0696,1100696,1,2010,5.737894,-73.107867,2,6
P0697,1100697,1,2010,4.676618,-74.15059,1,1
P0698,1100698,1,2010,6.72045,-75.905697,2,7
P0699,1100699,1,2010,3.495846,-76.555026,1,3
P0700,1100700,1,2010,3.426272,-76.512317,1,3
P0701,1100701,1,2010,6.255436,-75.549775,1,2
P0702,1100702,1,2010,10.376553,-75.562652,1,5
P0703,1100703,1,2010,1.392201,-77.626032,2,8
P0704,1100704,1,2010,3.501761,-76.489212,1,3
P0706,1100706,1,2010,8.546424,-75.314239,2,9
P0707,1100707,1,2010,4.599949,-74.246782,1,1
P0708,1100708,1,2010,4.185346,-74.769312,2,1
P0709,1100709,1,2010,4.761936,-74.143487,1,1
P0710,1100710,1,2010,8.341538,-75.441399,2,9
P0711,1100711,1,2010,1.82043,-77.02851,2,8
P0712,1100712,1,2010,3.692456,-74.342024,2,1
P0714,1100714,1,2010,4.646452,-74.16576,1,1
P0715,1100715,1,2010,3.461328,-76.420093,1,3
P0716,1100716,1,2010,4.681653,-74.056735,1,1
P0717,1100717,1,2010,6.198764,-75.470955,1,2
P0718,1100718,1,2010,1.333807,-77.424469,2,8
P0719,1100719,1,2010,10.451604,-75.512882,1,5
P0720,1100720,1,2010,7.066945,-75.522254,2,7
P0721,1100721,1,2010,4.034265,-74.654499,2,1
P0722,1100722,1,2010,8.102948,-75.222904,2,9
P0724,1100724,1,2010,6.126692,-75.521278,1,2
P0725,1100725,1,2010,10.345772,-75.536937,1,5
P0726,1100726,1,2010,8.306758,-75.193736,2,9
P0727,1100727,1,2010,8.382573,-75.535986,2,9
P0728,1100728,1,2010,4.616493,-74.03399,1,1
P0729,1100729,1,2010,6.250268,-75.658024,1,2
P0730,1100730,1,2010,3.533144,-76.587827,1,3
P0731,1100731,1,2010,5.862699,-72.580538,2,6
P0733,1100733,1,2010,4.439781,-74.381294,2,1
P0734,1100734,1,2010,1.428188,-77.572308,2,8
P0735,1100735,1,2010,4.847,-73.994376,1,1
P0736,1100736,1,2010,5.97966,-72.837407,2,6
P0737,1100737,1,2010,8.382772,-75.252634,2,9
P0738,1100738,1,2010,1.274844,-77.742639,2,8
P0739,1100739,1,2010,8.442538,-75.725915,2,9
P0740,1100740,1,2010,6.358381,-75.642089,1,2
P0741,1100741,1,2010,8.25121,-75.516612,2,9
P0742,1100742,1,2010,7.033493,-76.032653,2,7
P0743,1100743,1,2010,6.241556,-75.602748,1,2
P0744,1100744,1,2010,6.073129,-72.948733,2,6
P0746,1100746,1,2010,4.014535,-74.743309,2,1
P0747,1100747,1,2010,6.165877,-75.454556,1,2
P0748,1100748,1,2010,6.168231,-75.53843,1,2
P0749,1100749,1,2010,6.197459,-75.5013,1,2
P0750,1100750,1,2010,7.349942,-75.86924,2,7
P0751,1100751,1,2010,3.348578,-76.518887,1,3
P0752,1100752,1,2010,4.651673,-74.0135,1,1
P0753,1100753,1,2010,6.149269,-75.582294,1,2
P0754,1100754,1,2010,4.580705,-74.175809,1,1
P0755,1100755,1,2010,3.475059,-76.535221,1,3
P0756,1100756,1,2010,7.44267,-74.378337,2,7
P0758,1100758,1,2010,8.295323,-75.446997,2,9
P0759,1100759,1,2010,4.602234,-74.161015,1,1
P0760,1100760,1,2010,3.960841,-74.795507,2,1
P0761,1100761,1,2010,5.924262,-73.037253,2,6
P0762,1100762,1,2010,5.439706,-73.3204,2,6
P0763,1100763,1,2010,6.262279,-75.594756,1,2
P0764,1100764,1,2010,7.568516,-75.105359,2,7
P0765,1100765,1,2010,4.573182,-74.142318,1,1
P0766,1100766,1,2010,4.551892,-74.070162,1,1
P0767,1100767,1,2010,5.961749,-72.337085,2,6
P0768,1100768,1,2010,6.240577,-75.484642,1,2
P0769,1100769,1,2010,3.65232,-75.137473,2,1
P0770,1100770,1,2010,5.917036,-72.670628,2,6
P0771,1100771,1,2010,4.601139,-74.113213,1,1
P0773,1100773,1,2010,3.434874,-76.511965,1,3
P0774,1100774,1,2010,6.265974,-75.667718,1,2
P0775,1100775,1,2010,4.66736,-74.038149,1,1
P0776,1100776,1,2010,11.005055,-74.76965,1,4
P0777,1100777,1,2010,6.095314,-73.012712,2,6
P0778,1100778,1,2010,3.349047,-76.445631,1,3
P0779,1100779,1,2010,10.402267,-75.494574,1,5
P0780,1100780,1,2010,1.76063,-77.943841,2,8
P0782,1100782,1,2010,5.830518,-73.021983,2,6
P0783,1100783,1,2010,6.332916,-75.53803,1,2
P0784,1100784,1,2010,4.446267,-73.987656,1,1
P0786,1100786,1,2010,4.545491,-73.91138,1,1
P0787,1100787,1,2010,4.724148,-74.266513,1,1
P0788,1100788,1,2010,8.431949,-75.774388,2,9
P0789,1100789,1,2010,11.005758,-74.76828,1,4
P0790,1100790,1,2010,6.981725,-75.84093,2,7
P0791,1100791,1,2010,3.854923,-74.449365,2,1
P0793,1100793,1,2010,4.613484,-73.92238,1,1
P0794,1100794,1,2010,10.303032,-75.49771,1,5
P0796,1100796,1,2010,3.918158,-74.28367,2,1
P0797,1100797,1,2010,8.197056,-75.29362,2,9
P0798,1100798,1,2010,4.54099,-74.024057,1,1
P0799,1100799,1,2010,6.25046,-75.632159,1,2
P0800,1100800,1,2010,5.663187,-73.251669,2,6
P0801,1100801,1,2010,4.712101,-74.11296,1,1
P0802,1100802,1,2010,4.56891,-73.968692,1,1
P0803,1100803,1,2010,3.515885,-76.46739,1,3
P0804,1100804,1,2010,4.612326,-74.122161,1,1
P0805,1100805,1,2010,4.735676,-74.100198,1,1
P0806,1100806,1,2010,6.290797,-75.599948,1,2
P0807,1100807,1,2010,3.465085,-76.457745,1,3
P0808,1100808,1,2010,10.942161,-74.783311,1,4
P0809,1100809,1,2010,6.520244,-75.354085,2,7
P0811,1100811,1,2010,1.504391,-77.631447,2,8
P0812,1100812,1,2010,10.966162,-74.781021,1,4
P0814,1100814,1,2010,6.200801,-75.695437,1,2
P0815,1100815,1,2010,4.530539,-74.123253,1,1
P0816,1100816,1,2010,3.75654,-74.681883,2,1
P0817,1100817,1,2010,4.689355,-74.098618,1,1
P0820,1100820,1,2010,6.335046,-75.577835,1,2
P0821,1100821,1,2010,4.647598,-73.928453,1,1
P0822,1100822,1,2010,3.539445,-76.564004,1,3
P0823,1100823,1,2010,4.727831,-74.046991,1,1
P0824,1100824,1,2010,4.187654,-74.257778,2,1
P0825,1100825,1,2010,8.403038,-75.784651,2,9
P0826,1100826,1,2010,6.775623,-75.896457,2,7
P0829,1100829,1,2010,3.35914,-76.587358,1,3
P0830,1100830,1,2010,6.863976,-75.857106,2,7
P0831,1100831,1,2010,1.135733,-77.859966,2,8
P0832,1100832,1,2010,1.297215,-77.364627,2,8
P0833,1100833,1,2010,4.600441,-74.033743,1,1
P0834,1100834,1,2010,5.950411,-73.047909,2,6
P0835,1100835,1,2010,6.856083,-75.293304,2,7
P0837,1100837,1,2010,4.079827,-74.778641,2,1
P0838,1100838,1,2010,4.422437,-74.909989,2,1
P0839,1100839,1,2010,6.156366,-75.579126,1,2
P0841,1100841,1,2010,6.136854,-75.574127,1,2
P0842,1100842,1,2010,3.911399,-74.586119,2,1
P0843,1100843,1,2010,4.586888,-74.132471,1,1
P0844,1100844,1,2010,8.762928,-75.141276,2,9
P0845,1100845,1,2010,3.482612,-76.452228,1,3
P0846,1100846,1,2010,8.030092,-75.597729,2,9
P0847,1100847,1,2010,6.116199,-75.492615,1,2
P0848,1100848,1,2010,4.609276,-74.091883,1,1
P0849,1100849,1,2010,6.219827,-75.511931,1,2
P0850,1100850,1,2010,6.8548,-75.734435,2,7
P0852,1100852,1,2010,6.406433,-75.510947,1,2
P0853,1100853,1,2010,4.05353,-74.005424,2,1
P0854,1100854,1,2010,10.959279,-74.860738,1,4
P0855,1100855,1,2010,4.791364,-74.104258,1,1
P0856,1100856,1,2010,7.178164,-75.356956,2,7
P0857,1100857,1,2010,8.760813,-75.406057,2,9
P0858,1100858,1,2010,10.40301,-75.492498,1,5
P0859,1100859,1,2010,4.602674,-74.046681,1,1
P0860,1100860,1,2010,3.305979,-74.492685,2,1
P0861,1100861,1,2010,4.783136,-74.169808,1,1
P0862,1100862,1,2010,6.109584,-72.895787,2,6
P0863,1100863,1,2010,10.960369,-74.810887,1,4
P0864,1100864,1,2010,3.54256,-76.493624,1,3
P0865,1100865,1,2010,7.169912,-75.54605,2,7
P0867,1100867,1,2010,4.707461,-74.086512,1,1
P0869,1100869,1,2010,1.373856,-77.686437,2,8
P0870,1100870,1,2010,4.693844,-74.083671,1,1
P0871,1100871,1,2010,4.728132,-74.037205,1,1
P0873,1100873,1,2010,3.504061,-76.530676,1,3
P0874,1100874,1,2010,9.070482,-75.242253,2,9
P0875,1100875,1,2010,10.902502,-74.809794,1,4
P0877,1100877,1,2010,8.974644,-74.870522,2,9
P0878,1100878,1,2010,4.559437,-74.126926,1,1
P0879,1100879,1,2010,3.38394,-76.531361,1,3
P0881,1100881,1,2010,7.060937,-75.367693,2,7
P0883,1100883,1,2010,4.732663,-74.064958,1,1
P0885,1100885,1,2010,10.323869,-75.559282,1,5
P0886,1100886,1,2010,1.291311,-77.072275,2,8
P0887,1100887,1,2010,4.586194,-74.091671,1,1
P0889,1100889,1,2010,3.75117,-74.869731,2,1
P0890,1100890,1,2010,4.737132,-74.032702,1,1
P0891,1100891,1,2010,8.563529,-75.634785,2,9
P0892,1100892,1,2010,6.241768,-75.567579,1,2
P0893,1100893,1,2010,5.514964,-73.17369,2,6
P0894,1100894,1,2010,8.747291,-75.246577,2,9
P0895,1100895,1,2010,3.524973,-76.486803,1,3
P0896,1100896,1,2010,10.306911,-75.43993,1,5
P0897,1100897,1,2010,10.925234,-74.690803,1,4
P0898,1100898,1,2010,4.196466,-74.668363,2,1
P0899,1100899,1,2010,6.339912,-75.5682,1,2
P0900,1100900,1,2010,4.737922,-74.051828,1,1
P0902,1100902,1,2010,8.635374,-75.119057,2,9
P0903,1100903,1,2010,8.633181,-75.663323,2,9
P0904,1100904,1,2010,5.774032,-73.452129,2,6
P0905,1100905,1,2010,4.729545,-74.092008,1,1
P0907,1100907,1,2010,10.983541,-74.78401,1,4
P0908,1100908,1,2010,10.982511,-74.811467,1,4
P0909,1100909,1,2010,10.4437,-75.531758,1,5
P0911,1100911,1,2010,7.977448,-75.514061,2,9
P0912,1100912,1,2010,1.74847,-76.997723,2,8
P0913,1100913,1,2010,4.106003,-74.371349,2,1
P0914,1100914,1,2010,10.33894,-75.481481,1,5
P0915,1100915,1,2010,10.41262,-75.476989,1,5
P0916,1100916,1,2010,4.16857,-74.379451,2,1
P0917,1100917,1,2010,3.539016,-74.670317,2,1
P0918,1100918,1,2010,4.197174,-74.616805,2,1
P0919,1100919,1,2010,4.676394,-74.240368,1,1
P0920,1100920,1,2010,7.032618,-75.340112,2,7
P0921,1100921,1,2010,4.620456,-74.131807,1,1
P0922,1100922,1,2010,8.859392,-75.477349,2,9
P0923,1100923,1,2010,4.625465,-74.254296,1,1
P0924,1100924,1,2010,4.68615,-74.170764,1,1
P0925,1100925,1,2010,6.236329,-75.539659,1,2
P0926,1100926,1,2010,4.708964,-74.117811,1,1
P0927,1100927,1,2010,3.822171,-74.731101,2,1
P0928,1100928,1,2010,6.284238,-75.606371,1,2
P0929,1100929,1,2010,10.436817,-75.532516,1,5
P0930,1100930,1,2010,6.990709,-75.525658,2,7
P0931,1100931,1,2010,8.154498,-75.317866,2,9
P0932,1100932,1,2010,3.464356,-76.513666,1,3
P0933,1100933,1,2010,1.764742,-77.344763,2,8
P0934,1100934,1,2010,3.982466,-74.643916,2,1
P0935,1100935,1,2010,5.430695,-72.954789,2,6
P0936,1100936,1,2010,4.419578,-74.63042,2,1
P0937,1100937,1,2010,6.899345,-75.579666,2,7
P0938,1100938,1,2010,10.400412,-75.481638,1,5
P0940,1100940,1,2010,5.65886,-73.012356,2,6
P0941,1100941,1,2010,4.318568,-74.934576,2,1
P0942,1100942,1,2010,3.481988,-76.472706,1,3
P0943,1100943,1,2010,5.743045,-73.000939,2,6
P0944,1100944,1,2010,4.714976,-73.979409,1,1
P0945,1100945,1,2010,5.572464,-72.6205,2,6
P0947,1100947,1,2010,4.604866,-74.051301,1,1
P0948,1100948,1,2010,1.670279,-77.562333,2,8
P0950,1100950,1,2010,3.420463,-76.481958,1,3
P0951,1100951,1,2010,4.710721,-73.998092,1,1
P0952,1100952,1,2010,1.629891,-77.835501,2,8
P0953,1100953,1,2010,11.036238,-74.761705,1,4
P0954,1100954,1,2010,6.295468,-75.643144,1,2
P0956,1100956,1,2010,6.918629,-75.459184,2,7
P0957,1100957,1,2010,1.273675,-77.094703,2,8
P0958,1100958,1,2010,10.957399,-74.761781,1,4
P0959,1100959,1,2010,3.45832,-76.502125,1,3
P0960,1100960,1,2010,6.607445,-75.696818,2,7
P0961,1100961,1,2010,6.235963,-75.60532,1,2
P0962,1100962,1,2010,6.256453,-75.552289,1,2
P0963,1100963,1,2010,4.645915,-74.117752,1,1
P0964,1100964,1,2010,3.455486,-76.612893,1,3
P0965,1100965,1,2010,10.902645,-74.744931,1,4
P0966,1100966,1,2010,10.950574,-74.815459,1,4
P0967,1100967,1,2010,7.147932,-75.886954,2,7
P0968,1100968,1,2010,4.642897,-74.008069,1,1
P0969,1100969,1,2010,5.933867,-72.955816,2,6
P0970,1100970,1,2010,10.472677,-75.472235,1,5
P0971,1100971,1,2010,4.743168,-74.239853,1,1
P0973,1100973,1,2010,4.530932,-74.039539,1,1
P0974,1100974,1,2010,5.667473,-72.541881,2,6
P0975,1100975,1,2010,8.158036,-75.126955,2,9
P0976,1100976,1,2010,6.859589,-75.679516,2,7
P0977,1100977,1,2010,4.659034,-74.192403,1,1
P0978,1100978,1,2010,6.799796,-74.996668,2,7
P0980,1100980,1,2010,4.24569,-74.611797,2,1
P0981,1100981,1,2010,8.646206,-75.510552,2,9
P0982,1100982,1,2010,6.214882,-75.557579,1,2
P0984,1100984,1,2010,8.333074,-75.971723,2,9
P0985,1100985,1,2010,4.683268,-74.097324,1,1
P0986,1100986,1,2010,3.397887,-76.444519,1,3
P0988,1100988,1,2010,4.644782,-73.977778,1,1
P0989,1100989,1,2010,11.000845,-74.788943,1,4
P0990,1100990,1,2010,4.648915,-74.11675,1,1
P0991,1100991,1,2010,10.41058,-75.45642,1,5
P0992,1100992,1,2010,4.53748,-74.00102,1,1
P0993,1100993,1,2010,10.405916,-75.470532,1,5
P0996,1100996,1,2010,8.742097,-75.624946,2,9
P0997,1100997,1,2010,6.199821,-72.577488,2,6
P0998,1100998,1,2010,6.342502,-75.620056,1,2
P0001,2130001,2,2013,5.594923,-73.415683,2,6
P0002,2130002,2,2013,6.634013,-75.932463,2,7
P0004,2130004,2,2013,4.588851,-74.175382,1,1
P0005,2130005,2,2013,4.658013,-74.228024,1,1
P0006,2130006,2,2013,4.702732,-74.157372,1,1
P0007,2130007,2,2013,7.408462,-75.485434,2,7
P0008,2130008,2,2013,6.898776,-76.046503,2,7
P0009,2130009,2,2013,10.933184,-74.726633,1,4
P0011,2130011,2,2013,4.580461,-73.982141,1,1
P0013,2130013,2,2013,5.820842,-73.13301,2,6
P0014,2130014,2,2013,4.174976,-74.414707,2,1
P0015,2130015,2,2013,7.301059,-75.422259,2,7
P0016,2130016,2,2013,5.651736,-73.225702,2,6
P0017,2130017,2,2013,10.934763,-74.724646,1,4
P0019,2130019,2,2013,7.634021,-75.599403,2,7
P0020,2130020,2,2013,6.78462,-75.758982,2,7
P0021,2130021,2,2013,6.292683,-75.658357,1,2
P0022,2130022,2,2013,4.69055,-74.050089,1,1
P0023,2130023,2,2013,4.357174,-74.61492,2,1
P0024,2130024,2,2013,6.335378,-75.677698,1,2
P0025,2130025,2,2013,6.256468,-75.494377,1,2
P0026,2130026,2,2013,1.478175,-77.170127,2,8
P0027,2130027,2,2013,1.954176,-77.326911,2,8
P0028,2130028,2,2013,10.327433,-75.449375,1,5
P0029,2130029,2,2013,3.503957,-76.558751,1,3
P0030,2130030,2,2013,3.441817,-76.608876,1,3
P0031,2130031,2,2013,6.29551,-75.554516,1,2
P0034,2130034,2,2013,3.556006,-76.606977,1,3
P0035,2130035,2,2013,8.285396,-75.757354,2,9
P0036,2130036,2,2013,6.352634,-75.559926,1,2
P0037,2130037,2,2013,1.465616,-77.592383,2,8
P0038,2130038,2,2013,1.718394,-77.520001,2,8
P0039,2130039,2,2013,3.502288,-76.517141,1,3
P0040,2130040,2,2013,6.226183,-75.492243,1,2
P0041,2130041,2,2013,3.472333,-76.485521,1,3
P0042,2130042,2,2013,4.538959,-73.985869,1,1
P0043,2130043,2,2013,6.111209,-73.726194,2,6
P0044,2130044,2,2013,8.570027,-75.903586,2,9
P0046,2130046,2,2013,4.635004,-74.159031,1,1
P0047,2130047,2,2013,11.017031,-74.859162,1,4
P0048,2130048,2,2013,7.765111,-75.864349,2,9
P0050,2130049,2,2013,8.11668,-75.2008,2,9
P0051,2130050,2,2013,4.681895,-74.249067,1,1
P0052,2130051,2,2013,10.37689,-75.464373,1,5
P0053,2130052,2,2013,10.419242,-75.554084,1,5
P0054,2130053,2,2013,3.963036,-74.141868,2,1
P0056,2130054,2,2013,4.659822,-74.023377,1,1
P0057,2130055,2,2013,8.086562,-75.119269,2,9
P0058,2130056,2,2013,8.309861,-75.449129,2,9
P0059,2130057,2,2013,4.691137,-73.977945,1,1
P0061,2130059,2,2013,6.14511,-75.576528,1,2
P0062,2130060,2,2013,6.355969,-75.590462,1,2
P0063,2130061,2,2013,8.715072,-75.690716,2,9
P0064,2130062,2,2013,8.562471,-75.270203,2,9
P0065,2130063,2,2013,7.318503,-75.579822,2,7
P0067,2130065,2,2013,10.369913,-75.466524,1,5
P0068,2130066,2,2013,6.588913,-75.922027,2,7
P0069,2130067,2,2013,8.36135,-75.654995,2,9
P0070,2130068,2,2013,6.218285,-75.531687,1,2
P0071,2130069,2,2013,10.942492,-74.696224,1,4
P0073,2130071,2,2013,6.227077,-75.62621,1,2
P0074,2130072,2,2013,7.044036,-75.283546,2,7
P0075,2130073,2,2013,3.474187,-76.517294,1,3
P0076,2130074,2,2013,7.204468,-75.623792,2,7
P0077,2130075,2,2013,6.290346,-75.581592,1,2
P0078,2130076,2,2013,10.455815,-75.552558,1,5
P0079,2130077,2,2013,8.577831,-75.136223,2,9
P0080,2130078,2,2013,7.368778,-75.56,2,7
P0081,2130079,2,2013,10.95607,-74.757809,1,4
P0082,2130080,2,2013,3.481748,-76.566181,1,3
P0084,2130082,2,2013,4.749259,-74.00654,1,1
P0086,2130084,2,2013,3.539529,-76.534716,1,3
P0087,2130085,2,2013,4.599695,-74.022825,1,1
P0089,2130087,2,2013,7.433656,-75.861584,2,7
P0090,2130088,2,2013,6.260116,-75.516593,1,2
P0091,2130089,2,2013,3.513627,-76.536103,1,3
P0092,2130090,2,2013,5.878341,-73.457112,2,6
P0093,2130091,2,2013,8.050202,-76.192154,2,9
P0094,2130092,2,2013,6.312157,-75.635635,1,2
P0095,2130093,2,2013,4.724033,-74.062775,1,1
P0096,2130094,2,2013,7.179536,-75.672816,2,7
P0097,2130095,2,2013,8.616313,-75.534268,2,9
P0098,2130096,2,2013,5.647903,-73.091778,2,6
P0099,2130097,2,2013,6.67396,-75.239772,2,7
P0101,2130099,2,2013,10.337857,-75.529061,1,5
P0102,2130100,2,2013,8.750031,-75.15643,2,9
P0103,2130101,2,2013,8.570026,-75.635458,2,9
P0104,2130102,2,2013,4.130602,-74.821862,2,1
P0105,2130103,2,2013,1.41389,-77.854373,2,8
P0106,2130104,2,2013,4.652342,-74.163172,1,1
P0107,2130105,2,2013,5.708676,-73.208118,2,6
P0108,2130106,2,2013,11.053928,-74.83089,1,4
P0110,2130107,2,2013,4.585212,-74.187317,1,1
P0111,2130108,2,2013,3.477629,-76.568044,1,3
P0112,2130109,2,2013,1.384127,-77.298034,2,8
P0113,2130110,2,2013,3.736359,-74.698519,2,1
P0114,2130111,2,2013,4.708308,-74.086452,1,1
P0115,2130112,2,2013,3.784153,-74.979279,2,1
P0117,2130114,2,2013,6.266221,-75.72075,1,2
P0119,2130116,2,2013,6.344175,-75.588762,1,2
P0120,2130117,2,2013,4.674031,-74.0014,1,1
P0121,2130118,2,2013,8.784778,-75.737229,2,9
P0122,2130119,2,2013,8.504665,-74.973875,2,9
P0123,2130120,2,2013,7.415085,-75.427869,2,7
P0125,2130122,2,2013,5.55063,-72.957037,2,6
P0126,2130123,2,2013,6.149339,-75.579904,1,2
P0128,2130124,2,2013,4.020775,-74.417838,2,1
P0129,2130125,2,2013,6.324769,-75.606828,1,2
P0130,2130126,2,2013,3.425683,-76.556859,1,3
P0131,2130127,2,2013,6.282966,-75.588927,1,2
P0132,2130128,2,2013,3.824296,-73.860864,2,1
P0134,2130130,2,2013,4.621924,-74.054609,1,1
P0135,2130131,2,2013,10.954427,-74.783831,1,4
P0137,2130132,2,2013,8.906119,-75.322463,2,9
P0139,2130133,2,2013,10.389805,-75.539354,1,5
P0140,2130134,2,2013,4.660479,-74.013309,1,1
P0142,2130136,2,2013,3.454333,-76.4855,1,3
P0143,2130137,2,2013,7.338396,-75.768926,2,7
P0144,2130138,2,2013,10.446831,-75.524897,1,5
P0145,2130139,2,2013,6.147151,-72.603199,2,6
P0146,2130140,2,2013,4.254303,-74.400786,2,1
P0147,2130141,2,2013,4.7023,-73.983279,1,1
P0148,2130142,2,2013,6.24563,-75.660514,1,2
P0149,2130143,2,2013,6.867221,-75.183403,2,7
P0150,2130144,2,2013,3.509986,-76.553869,1,3
P0151,2130145,2,2013,6.16959,-75.592117,1,2
P0152,2130146,2,2013,8.097112,-75.579424,2,9
P0153,2130147,2,2013,3.479759,-76.499422,1,3
P0154,2130148,2,2013,10.462606,-75.530504,1,5
P0155,2130149,2,2013,4.595915,-74.184265,1,1
P0156,2130150,2,2013,4.653602,-73.998333,1,1
P0157,2130151,2,2013,3.387559,-76.544373,1,3
P0158,2130152,2,2013,4.652672,-74.202099,1,1
P0159,2130153,2,2013,10.355289,-75.399475,1,5
P0161,2130155,2,2013,3.432095,-76.62133,1,3
P0164,2130157,2,2013,5.705388,-72.987879,2,6
P0165,2130158,2,2013,6.658565,-75.65049,2,7
P0166,2130159,2,2013,6.932381,-75.138632,2,7
P0167,2130160,2,2013,6.093744,-72.668113,2,6
P0168,2130161,2,2013,4.593687,-74.920753,2,1
P0170,2130162,2,2013,10.898798,-74.805445,1,4
P0171,2130163,2,2013,3.429097,-76.507898,1,3
P0172,2130164,2,2013,4.626706,-74.034789,1,1
P0173,2130165,2,2013,1.984016,-77.770793,2,8
P0175,2130167,2,2013,10.98393,-74.756001,1,4
P0176,2130168,2,2013,3.682825,-74.49489,2,1
P0177,2130169,2,2013,7.444692,-75.769035,2,7
P0178,2130170,2,2013,6.911194,-74.753855,2,7
P0179,2130171,2,2013,6.093907,-73.21147,2,6
P0180,2130172,2,2013,8.573184,-75.878539,2,9
P0181,2130173,2,2013,8.229596,-75.43473,2,9
P0182,2130174,2,2013,3.748205,-74.977214,2,1
P0184,2130176,2,2013,1.646827,-77.176787,2,8
P0185,2130177,2,2013,4.385135,-74.541659,2,1
P0186,2130178,2,2013,4.662761,-74.13074,1,1
P0187,2130179,2,2013,4.614729,-73.954457,1,1
P0188,2130180,2,2013,4.595742,-74.04117,1,1
P0189,2130181,2,2013,6.256146,-75.489028,1,2
P0190,2130182,2,2013,1.498949,-77.626874,2,8
P0191,2130183,2,2013,10.393953,-75.540691,1,5
P0192,2130184,2,2013,1.653099,-77.588363,2,8
P0193,2130185,2,2013,6.291461,-75.628844,1,2
P0194,2130186,2,2013,5.990245,-73.362864,2,6
P0195,2130187,2,2013,4.302019,-74.472036,2,1
P0196,2130188,2,2013,7.39952,-75.564501,2,7
P0197,2130189,2,2013,3.407696,-76.575647,1,3
P0198,2130190,2,2013,6.235854,-75.614898,1,2
P0199,2130191,2,2013,4.624138,-74.093237,1,1
P0200,2130192,2,2013,8.25894,-75.499623,2,9
P0202,2130194,2,2013,1.701917,-77.733142,2,8
P0203,2130195,2,2013,4.619018,-74.176623,1,1
P0205,2130197,2,2013,8.927032,-75.666595,2,9
P0207,2130199,2,2013,5.652436,-73.00599,2,6
P0209,2130201,2,2013,10.365361,-75.545909,1,5
P0210,2130202,2,2013,10.926393,-74.753029,1,4
P0211,2130203,2,2013,10.928944,-74.715252,1,4
P0212,2130204,2,2013,1.883657,-77.538486,2,8
P0213,2130205,2,2013,4.139131,-74.090669,2,1
P0214,2130206,2,2013,6.304127,-75.67078,1,2
P0215,2130207,2,2013,6.019648,-73.259412,2,6
P0216,2130208,2,2013,3.770525,-74.533285,2,1
P0217,2130209,2,2013,1.186162,-77.464621,2,8
P0218,2130210,2,2013,8.010719,-75.628342,2,9
P0219,2130211,2,2013,3.447523,-73.919386,2,1
P0220,2130212,2,2013,3.366116,-76.472763,1,3
P0221,2130213,2,2013,4.671635,-74.199757,1,1
P0223,2130215,2,2013,1.423655,-77.371912,2,8
P0225,2130216,2,2013,4.629474,-74.116976,1,1
P0226,2130217,2,2013,8.173468,-75.970254,2,9
P0228,2130218,2,2013,4.651436,-74.10695,1,1
P0229,2130219,2,2013,4.670529,-73.919472,1,1
P0230,2130220,2,2013,4.541115,-73.928528,1,1
P0231,2130221,2,2013,6.582329,-75.140865,2,7
P0232,2130222,2,2013,4.2171,-74.581394,2,1
P0233,2130223,2,2013,4.697307,-73.904978,1,1
P0234,2130224,2,2013,6.299193,-75.52534,1,2
P0235,2130225,2,2013,8.453596,-75.933286,2,9
P0236,2130226,2,2013,3.344817,-76.554963,1,3
P0237,2130227,2,2013,6.993459,-75.098558,2,7
P0238,2130228,2,2013,11.018322,-74.84259,1,4
P0239,2130229,2,2013,6.263514,-75.506335,1,2
P0240,2130230,2,2013,7.012736,-75.782323,2,7
P0241,2130231,2,2013,5.338863,-72.760792,2,6
P0242,2130232,2,2013,10.972537,-74.830752,1,4
P0243,2130233,2,2013,3.477763,-76.546694,1,3
P0244,2130234,2,2013,10.937382,-74.772344,1,4
P0245,2130235,2,2013,5.78329,-73.163744,2,6
P0246,2130236,2,2013,10.352655,-75.499853,1,5
P0247,2130237,2,2013,3.913718,-74.573204,2,1
P0250,2130240,2,2013,4.598382,-74.194209,1,1
P0252,2130242,2,2013,4.667786,-74.181949,1,1
P0253,2130243,2,2013,8.239906,-75.84389,2,9
P0255,2130244,2,2013,10.893383,-74.800061,1,4
P0256,2130245,2,2013,10.913935,-74.746679,1,4
P0257,2130246,2,2013,4.646734,-74.154892,1,1
P0258,2130247,2,2013,6.872879,-75.346837,2,7
P0259,2130248,2,2013,6.233205,-75.553988,1,2
P0260,2130249,2,2013,6.116807,-75.721246,2,7
P0261,2130250,2,2013,6.126076,-75.563737,1,2
P0262,2130251,2,2013,4.159255,-74.451833,2,1
P0263,2130252,2,2013,6.234404,-75.596768,1,2
P0265,2130254,2,2013,3.440772,-76.521647,1,3
P0266,2130255,2,2013,6.26561,-75.537948,1,2
P0267,2130256,2,2013,7.107692,-75.1845,2,7
P0268,2130257,2,2013,3.447785,-76.452413,1,3
P0269,2130258,2,2013,3.75962,-74.888882,2,1
P0273,2130261,2,2013,6.428677,-75.508873,2,7
P0274,2130262,2,2013,4.600492,-73.926755,1,1
P0275,2130263,2,2013,4.481142,-74.056931,1,1
P0276,2130264,2,2013,6.180476,-75.427525,1,2
P0277,2130265,2,2013,6.279484,-75.449586,1,2
P0278,2130266,2,2013,4.623662,-74.044878,1,1
P0279,2130267,2,2013,4.603409,-74.032351,1,1
P0281,2130269,2,2013,6.2755,-75.635509,1,2
P0282,2130270,2,2013,3.445469,-76.493778,1,3
P0283,2130271,2,2013,4.627014,-74.189949,1,1
P0284,2130272,2,2013,6.205488,-75.668536,1,2
P0285,2130273,2,2013,6.009528,-73.309114,2,6
P0286,2130274,2,2013,4.522377,-73.911043,1,1
P0287,2130275,2,2013,1.771212,-77.039216,2,8
P0289,2130277,2,2013,6.589123,-75.559986,2,7
P0290,2130278,2,2013,7.357568,-75.028447,2,7
P0291,2130279,2,2013,10.39507,-75.447531,1,5
P0292,2130280,2,2013,6.244543,-75.603603,1,2
P0293,2130281,2,2013,3.446445,-76.521905,1,3
P0295,2130283,2,2013,6.097157,-72.597445,2,6
P0296,2130284,2,2013,8.270228,-75.131277,2,9
P0297,2130285,2,2013,4.455567,-74.14433,1,1
P0298,2130286,2,2013,1.262943,-77.785008,2,8
P0299,2130287,2,2013,3.817893,-73.808182,2,1
P0300,2130288,2,2013,1.715473,-77.380492,2,8
P0301,2130289,2,2013,4.573638,-74.191859,1,1
P0302,2130290,2,2013,4.563554,-74.133376,1,1
P0303,2130291,2,2013,4.686025,-74.183625,1,1
P0305,2130293,2,2013,8.652275,-76.143232,2,9
P0306,2130294,2,2013,10.975328,-74.858373,1,4
P0307,2130295,2,2013,4.655358,-73.966954,1,1
P0309,2130296,2,2013,10.954839,-74.845319,1,4
P0310,2130297,2,2013,4.783136,-74.253254,1,1
P0311,2130298,2,2013,6.018912,-73.197935,2,6
P0312,2130299,2,2013,10.39031,-75.502333,1,5
P0314,2130301,2,2013,6.222298,-75.576624,1,2
P0315,2130302,2,2013,6.24185,-75.641901,1,2
P0316,2130303,2,2013,4.734159,-74.070757,1,1
P0319,2130306,2,2013,4.654801,-74.043174,1,1
P0320,2130307,2,2013,1.728725,-77.112751,2,8
P0325,2130311,2,2013,1.610973,-77.243157,2,8
P0326,2130312,2,2013,8.558778,-75.950989,2,9
P0328,2130314,2,2013,4.722163,-74.168924,1,1
P0330,2130316,2,2013,1.514948,-78.017427,2,8
P0331,2130317,2,2013,8.414452,-75.39232,2,9
P0332,2130318,2,2013,6.240949,-75.52159,1,2
P0333,2130319,2,2013,6.886003,-75.69101,2,7
P0335,2130321,2,2013,4.651635,-74.151712,1,1
P0336,2130322,2,2013,4.637277,-74.091592,1,1
P0337,2130323,2,2013,3.390012,-76.480238,1,3
P0338,2130324,2,2013,4.664306,-73.996638,1,1
P0339,2130325,2,2013,10.927254,-74.756955,1,4
P0340,2130326,2,2013,5.966957,-73.031846,2,6
P0341,2130327,2,2013,8.767336,-75.486969,2,9
P0342,2130328,2,2013,4.497523,-74.185182,1,1
P0344,2130330,2,2013,4.503061,-74.011454,1,1
P0345,2130331,2,2013,4.561791,-74.168808,1,1
P0346,2130332,2,2013,10.350891,-75.512319,1,5
P0347,2130333,2,2013,4.766144,-74.115665,1,1
P0348,2130334,2,2013,6.229716,-75.424095,1,2
P0349,2130335,2,2013,6.182713,-75.61018,1,2
P0351,2130336,2,2013,4.776371,-74.080609,1,1
P0352,2130337,2,2013,1.574715,-77.456934,2,8
P0353,2130338,2,2013,4.623001,-74.124523,1,1
P0354,2130339,2,2013,6.93487,-75.505869,2,7
P0355,2130340,2,2013,4.676207,-74.016789,1,1
P0356,2130341,2,2013,10.988993,-74.790177,1,4
P0357,2130342,2,2013,6.369804,-72.703602,2,6
P0358,2130343,2,2013,8.152282,-75.365174,2,9
P0359,2130344,2,2013,6.335656,-75.627692,1,2
P0360,2130345,2,2013,6.284766,-75.580369,1,2
P0361,2130346,2,2013,5.214933,-72.996299,2,6
P0362,2130347,2,2013,3.877518,-74.528839,2,1
P0363,2130348,2,2013,8.761959,-75.648723,2,9
P0364,2130349,2,2013,4.676588,-74.054006,1,1
P0365,2130350,2,2013,10.870139,-74.818065,1,4
P0366,2130351,2,2013,3.525912,-76.45502,1,3
P0367,2130352,2,2013,8.736085,-75.909995,2,9
P0368,2130353,2,2013,6.181109,-75.490891,1,2
P0369,2130354,2,2013,3.624449,-74.352079,2,1
P0370,2130355,2,2013,3.490226,-76.487335,1,3
P0371,2130356,2,2013,10.952639,-74.813879,1,4
P0372,2130357,2,2013,10.967573,-74.834018,1,4
P0374,2130358,2,2013,3.496895,-76.475428,1,3
P0375,2130359,2,2013,7.252178,-75.7889,2,7
P0376,2130360,2,2013,1.948148,-77.272419,2,8
P0377,2130361,2,2013,6.167502,-75.597331,1,2
P0378,2130362,2,2013,10.406236,-75.537362,1,5
P0379,2130363,2,2013,7.000453,-75.574698,2,7
P0380,2130364,2,2013,10.969737,-74.737963,1,4
P0381,2130365,2,2013,4.666771,-74.114419,1,1
P0383,2130366,2,2013,6.296837,-75.56445,1,2
P0384,2130367,2,2013,3.45408,-76.503691,1,3
P0385,2130368,2,2013,5.316092,-72.8247,2,6
P0386,2130369,2,2013,10.342906,-75.484181,1,5
P0388,2130371,2,2013,4.395065,-74.436696,2,1
P0389,2130372,2,2013,6.140105,-75.528891,1,2
P0391,2130374,2,2013,6.234153,-75.637262,1,2
P0392,2130375,2,2013,5.929863,-72.869788,2,6
P0393,2130376,2,2013,10.899761,-74.845278,1,4
P0394,2130377,2,2013,4.470617,-74.413567,2,1
P0395,2130378,2,2013,11.032576,-74.829489,1,4
P0396,2130379,2,2013,4.753771,-74.131371,1,1
P0398,2130380,2,2013,3.433911,-74.650315,2,1
P0399,2130381,2,2013,10.971998,-74.716439,1,4
P0400,2130382,2,2013,7.378413,-75.312971,2,7
P0401,2130383,2,2013,6.00756,-73.290743,2,6
P0403,2130385,2,2013,7.200864,-75.886923,2,7
P0404,2130386,2,2013,6.192009,-75.581464,1,2
P0405,2130387,2,2013,1.552246,-77.061446,2,8
P0407,2130389,2,2013,4.585489,-74.106686,1,1
P0408,2130390,2,2013,3.437867,-76.529772,1,3
P0409,2130391,2,2013,4.648274,-74.08331,1,1
P0410,2130392,2,2013,8.572511,-75.559537,2,9
P0411,2130393,2,2013,10.906345,-74.883541,1,4
P0412,2130394,2,2013,4.662831,-74.134186,1,1
P0413,2130395,2,2013,3.525669,-76.452941,1,3
P0414,2130396,2,2013,3.419752,-76.619658,1,3
P0416,2130397,2,2013,4.360177,-74.873907,2,1
P0418,2130399,2,2013,7.08053,-75.582747,2,7
P0419,2130400,2,2013,8.791078,-75.19865,2,9
P0420,2130401,2,2013,4.311604,-74.648563,2,1
P0422,2130403,2,2013,10.97338,-74.762171,1,4
P0423,2130404,2,2013,4.729254,-73.942713,1,1
P0424,2130405,2,2013,4.782044,-74.070596,1,1
P0425,2130406,2,2013,1.522919,-77.463772,2,8
P0426,2130407,2,2013,1.199228,-77.590951,2,8
P0427,2130408,2,2013,7.055502,-76.121514,2,7
P0428,2130409,2,2013,10.402238,-75.502377,1,5
P0430,2130410,2,2013,6.131144,-75.577356,1,2
P0432,2130412,2,2013,1.236587,-77.891365,2,8
P0433,2130413,2,2013,6.114988,-75.522819,1,2
P0435,2130415,2,2013,4.68591,-74.158493,1,1
P0436,2130416,2,2013,10.369103,-75.49748,1,5
P0438,2130417,2,2013,10.902255,-74.763394,1,4
P0440,2130419,2,2013,3.474042,-76.453932,1,3
P0442,2130421,2,2013,4.518381,-73.968077,1,1
P0443,2130422,2,2013,4.585893,-73.9805,1,1
P0445,2130423,2,2013,6.874017,-75.490779,2,7
P0447,2130425,2,2013,10.386524,-75.569232,1,5
P0448,2130426,2,2013,3.960184,-74.484139,2,1
P0449,2130427,2,2013,6.35643,-75.633021,1,2
P0450,2130428,2,2013,10.866234,-74.805353,1,4
P0451,2130429,2,2013,10.952763,-74.705647,1,4
P0452,2130430,2,2013,6.926447,-76.512791,2,7
P0453,2130431,2,2013,6.947203,-75.505538,2,7
P0454,2130432,2,2013,11.046605,-74.786514,1,4
P0455,2130433,2,2013,7.191779,-75.936872,2,7
P0456,2130434,2,2013,8.388231,-75.330159,2,9
P0457,2130435,2,2013,10.402067,-75.507751,1,5
P0458,2130436,2,2013,6.282899,-75.660615,1,2
P0459,2130437,2,2013,6.185193,-72.945156,2,6
P0460,2130438,2,2013,10.893862,-74.792775,1,4
P0464,2130441,2,2013,10.372159,-75.536188,1,5
P0465,2130442,2,2013,4.663767,-74.069394,1,1
P0467,2130444,2,2013,11.024349,-74.911333,1,4
P0469,2130446,2,2013,4.666205,-73.995993,1,1
P0470,2130447,2,2013,8.408824,-75.675988,2,7
P0472,2130449,2,2013,8.581069,-75.708893,2,9
P0475,2130451,2,2013,10.318225,-75.473295,1,5
P0476,2130452,2,2013,8.446181,-75.797972,2,9
P0477,2130453,2,2013,6.219259,-75.515053,1,2
P0478,2130454,2,2013,0.876391,-77.43489,2,8
P0479,2130455,2,2013,10.880067,-74.811295,1,4
P0480,2130456,2,2013,3.38273,-76.576567,1,3
P0482,2130458,2,2013,10.39366,-75.538594,1,5
P0483,2130459,2,2013,4.03552,-74.744546,2,1
P0485,2130461,2,2013,4.704394,-74.080421,1,1
P0486,2130462,2,2013,4.774348,-74.131354,1,1
P0487,2130463,2,2013,10.426839,-75.533179,1,5
P0488,2130464,2,2013,4.754156,-74.125744,1,1
P0489,2130465,2,2013,3.570554,-76.462666,1,3
P0490,2130466,2,2013,4.13995,-74.336555,2,1
P0491,2130467,2,2013,10.971578,-74.824135,1,4
P0492,2130468,2,2013,5.986934,-72.425297,2,6
P0493,2130469,2,2013,4.530823,-74.047527,1,1
P0494,2130470,2,2013,1.477167,-77.298122,2,8
P0495,2130471,2,2013,6.151251,-75.570848,1,2
P0496,2130472,2,2013,4.152715,-74.617734,2,1
P0497,2130473,2,2013,4.685073,-74.25146,1,1
P0498,2130474,2,2013,2.231476,-77.380068,2,8
P0499,2130475,2,2013,1.866263,-77.266213,2,8
P0500,2130476,2,2013,1.384834,-77.588537,2,8
P0501,2130477,2,2013,3.47127,-76.477745,1,3
P0502,2130478,2,2013,6.302453,-75.650631,1,2
P0503,2130479,2,2013,5.869961,-72.770064,2,6
P0504,2130480,2,2013,4.716678,-74.172608,1,1
P0505,2130481,2,2013,8.742692,-75.698362,2,9
P0506,2130482,2,2013,5.86062,-72.446913,2,6
P0508,2130484,2,2013,1.612839,-77.685774,2,8
P0509,2130485,2,2013,8.776437,-75.250436,2,9
P0510,2130486,2,2013,1.904034,-77.399262,2,8
P0511,2130487,2,2013,6.233543,-75.507157,1,2
P0512,2130488,2,2013,6.696081,-75.231778,2,7
P0514,2130490,2,2013,3.467458,-76.552422,1,3
P0515,2130491,2,2013,11.026935,-74.824396,1,4
P0516,2130492,2,2013,10.44289,-75.564164,1,5
P0517,2130493,2,2013,6.271057,-75.558884,1,2
P0520,2130496,2,2013,4.527044,-74.093536,1,1
P0521,2130497,2,2013,4.628789,-74.009567,1,1
P0522,2130498,2,2013,4.853796,-73.939423,1,1
P0523,2130499,2,2013,5.461968,-73.011782,2,6
P0524,2130500,2,2013,5.770566,-72.993828,2,6
P0525,2130501,2,2013,10.933767,-74.879151,1,4
P0526,2130502,2,2013,8.171041,-75.885299,2,9
P0527,2130503,2,2013,4.564076,-74.072754,1,1
P0528,2130504,2,2013,4.558904,-73.914715,1,1
P0532,2130508,2,2013,8.546139,-74.96859,2,9
P0533,2130509,2,2013,8.212146,-75.465175,2,9
P0534,2130510,2,2013,4.055852,-74.485979,2,1
P0535,2130511,2,2013,6.529007,-75.393747,2,7
P0536,2130512,2,2013,3.441646,-76.451872,1,3
P0537,2130513,2,2013,3.814442,-74.513034,2,1
P0539,2130515,2,2013,10.856022,-74.85602,1,4
P0540,2130516,2,2013,3.643081,-74.79752,2,1
P0541,2130517,2,2013,8.237943,-75.535699,2,9
P0542,2130518,2,2013,3.389128,-76.454544,1,3
P0543,2130519,2,2013,6.280833,-75.554586,1,2
P0544,2130520,2,2013,4.630438,-74.070293,1,1
P0545,2130521,2,2013,1.47045,-77.322216,2,8
P0546,2130522,2,2013,3.35913,-76.507017,1,3
P0547,2130523,2,2013,4.225167,-74.336452,2,1
P0548,2130524,2,2013,10.372444,-75.493302,1,5
P0549,2130525,2,2013,4.750479,-73.993739,1,1
P0550,2130526,2,2013,4.050452,-74.533769,2,1
P0551,2130527,2,2013,3.485862,-76.562427,1,3
P0552,2130528,2,2013,7.247457,-75.490404,2,7
P0553,2130529,2,2013,6.222536,-75.545644,1,2
P0554,2130530,2,2013,3.438673,-76.517244,1,3
P0555,2130531,2,2013,6.298522,-73.434575,2,6
P0556,2130532,2,2013,6.246493,-75.525196,1,2
P0557,2130533,2,2013,7.488236,-75.736418,2,7
P0558,2130534,2,2013,5.849364,-72.663232,2,6
P0560,2130536,2,2013,3.433606,-76.490664,1,3
P0561,2130537,2,2013,6.72347,-74.651072,2,7
P0563,2130539,2,2013,4.656569,-74.072115,1,1
P0565,2130540,2,2013,4.490678,-74.000158,1,1
P0566,2130541,2,2013,8.642477,-75.269529,2,9
P0567,2130542,2,2013,5.943159,-72.642843,2,6
P0569,2130544,2,2013,11.046156,-74.743542,1,4
P0570,2130545,2,2013,4.498922,-74.363315,2,1
P0571,2130546,2,2013,4.06197,-74.429184,2,1
P0572,2130547,2,2013,6.76343,-75.317669,2,7
P0574,2130549,2,2013,7.432166,-75.293656,2,7
P0575,2130550,2,2013,6.282306,-75.483853,1,2
P0576,2130551,2,2013,6.214085,-75.497977,1,2
P0578,2130553,2,2013,8.226228,-75.306687,2,9
P0579,2130554,2,2013,4.761453,-74.163302,1,1
P0580,2130555,2,2013,3.459898,-76.585584,1,3
P0581,2130556,2,2013,1.233433,-77.518726,2,8
P0582,2130557,2,2013,10.445878,-75.479364,1,5
P0583,2130558,2,2013,6.159234,-75.597111,1,2
P0584,2130559,2,2013,4.582134,-74.249885,1,1
P0586,2130560,2,2013,10.995095,-74.805557,1,4
P0588,2130562,2,2013,4.732151,-74.042837,1,1
P0589,2130563,2,2013,6.943777,-75.329008,2,7
P0590,2130564,2,2013,6.913436,-75.080533,2,7
P0592,2130565,2,2013,4.561606,-73.989263,1,1
P0593,2130566,2,2013,10.406958,-75.501191,1,5
P0594,2130567,2,2013,3.439923,-76.425473,1,3
P0595,2130568,2,2013,3.362156,-74.709495,2,1
P0596,2130569,2,2013,6.239718,-75.67581,1,2
P0598,2130571,2,2013,3.383483,-76.479918,1,3
P0599,2130572,2,2013,5.579988,-73.056713,2,6
P0600,2130573,2,2013,1.40745,-78.145732,2,8
P0601,2130574,2,2013,1.789762,-77.39652,2,8
P0602,2130575,2,2013,3.421919,-76.598878,1,3
P0604,2130577,2,2013,10.956997,-74.803931,1,4
P0605,2130578,2,2013,4.617214,-73.955743,1,1
P0606,2130579,2,2013,11.054893,-74.778411,1,4
P0609,2130582,2,2013,6.328085,-75.634288,1,2
P0610,2130583,2,2013,10.924895,-74.853308,1,4
P0611,2130584,2,2013,4.633467,-73.992835,1,1
P0612,2130585,2,2013,10.41255,-75.487694,1,5
P0613,2130586,2,2013,10.963691,-74.779272,1,4
P0615,2130587,2,2013,8.336203,-75.783385,2,9
P0616,2130588,2,2013,6.614708,-75.611587,2,7
P0618,2130590,2,2013,3.579281,-73.970415,2,1
P0619,2130591,2,2013,10.362572,-75.452937,1,5
P0620,2130592,2,2013,6.210488,-75.717655,1,2
P0621,2130593,2,2013,7.327735,-75.52565,2,7
P0623,2130595,2,2013,6.236349,-75.53125,1,2
P0624,2130596,2,2013,4.664893,-73.973729,1,1
P0625,2130597,2,2013,5.868394,-73.781413,2,6
P0626,2130598,2,2013,1.752992,-77.6338,2,8
P0627,2130599,2,2013,6.169152,-75.510943,1,2
P0628,2130600,2,2013,5.518423,-72.853354,2,6
P0629,2130601,2,2013,1.60336,-77.172024,2,8
P0630,2130602,2,2013,3.421655,-76.492011,1,3
P0631,2130603,2,2013,5.537428,-72.742892,2,6
P0632,2130604,2,2013,6.674221,-75.639473,2,7
P0633,2130605,2,2013,3.370779,-76.600697,1,3
P0634,2130606,2,2013,4.584621,-74.080297,1,1
P0635,2130607,2,2013,3.375152,-76.530825,1,3
P0636,2130608,2,2013,10.922595,-74.83278,1,4
P0637,2130609,2,2013,9.075272,-75.467928,2,9
P0638,2130610,2,2013,8.46814,-75.749118,2,9
P0639,2130611,2,2013,4.668581,-74.006155,1,1
P0640,2130612,2,2013,1.696169,-77.648843,2,8
P0641,2130613,2,2013,4.601497,-74.00136,1,1
P0643,2130615,2,2013,6.316817,-75.567583,1,2
P0645,2130617,2,2013,6.798991,-75.78179,2,7
P0646,2130618,2,2013,6.263116,-75.627218,1,2
P0647,2130619,2,2013,5.789167,-73.153092,2,6
P0648,2130620,2,2013,6.721385,-75.036219,2,7
P0649,2130621,2,2013,4.666631,-74.06413,1,1
P0650,2130622,2,2013,10.975119,-74.868767,1,4
P0651,2130623,2,2013,3.546802,-76.481233,1,3
P0652,2130624,2,2013,4.601612,-74.048847,1,1
P0653,2130625,2,2013,8.366823,-75.568478,2,9
P0654,2130626,2,2013,3.960082,-74.213663,2,1
P0656,2130627,2,2013,4.573169,-74.097425,1,1
P0657,2130628,2,2013,1.468597,-77.327165,2,8
P0659,2130630,2,2013,6.18471,-75.569382,1,2
P0660,2130631,2,2013,1.940608,-77.33326,2,8
P0661,2130632,2,2013,10.38855,-75.53401,1,5
P0662,2130633,2,2013,5.892712,-72.638682,2,6
P0663,2130634,2,2013,1.484976,-77.327833,2,8
P0664,2130635,2,2013,2.018089,-77.358424,2,8
P0665,2130636,2,2013,7.02318,-75.901797,2,7
P0666,2130637,2,2013,4.536181,-74.188306,1,1
P0667,2130638,2,2013,4.68234,-74.166209,1,1
P0668,2130639,2,2013,6.330084,-75.677173,1,2
P0669,2130640,2,2013,10.958442,-74.893887,1,4
P0670,2130641,2,2013,4.181164,-74.779158,2,1
P0671,2130642,2,2013,6.108116,-73.490162,2,6
P0672,2130643,2,2013,5.402791,-73.034857,2,6
P0673,2130644,2,2013,3.46249,-76.456752,1,3
P0674,2130645,2,2013,1.486739,-77.481814,2,8
P0675,2130646,2,2013,10.46351,-75.511194,1,5
P0677,2130648,2,2013,6.374971,-75.467972,1,2
P0678,2130649,2,2013,8.551078,-75.44851,2,9
P0679,2130650,2,2013,5.859339,-73.052484,2,6
P0680,2130651,2,2013,6.142295,-75.316059,2,7
P0681,2130652,2,2013,0.946414,-77.097691,2,8
P0682,2130653,2,2013,3.386837,-76.496305,1,3
P0683,2130654,2,2013,4.56827,-73.9732,1,1
P0685,2130656,2,2013,6.183995,-75.610227,1,2
P0686,2130657,2,2013,7.061234,-76.433724,2,7
P0687,2130658,2,2013,10.385143,-75.435889,1,5
P0688,2130659,2,2013,4.534127,-74.135612,1,1
P0689,2130660,2,2013,6.456704,-75.493339,2,7
P0690,2130661,2,2013,11.026693,-74.857836,1,4
P0691,2130662,2,2013,8.514399,-75.519759,2,9
P0692,2130663,2,2013,10.903432,-74.817754,1,4
P0693,2130664,2,2013,3.481034,-76.49269,1,3
P0694,2130665,2,2013,4.603104,-73.952044,1,1
P0695,2130666,2,2013,6.273167,-75.511248,1,2
P0696,2130667,2,2013,5.737934,-73.108368,2,6
P0697,2130668,2,2013,4.676329,-74.150678,1,1
P0698,2130669,2,2013,6.752482,-75.950483,2,7
P0699,2130670,2,2013,3.495285,-76.555027,1,3
P0700,2130671,2,2013,3.426543,-76.512498,1,3
P0701,2130672,2,2013,6.255941,-75.542005,1,2
P0702,2130673,2,2013,10.376861,-75.562713,1,5
P0703,2130674,2,2013,1.392283,-77.626489,2,8
P0704,2130675,2,2013,3.501632,-76.489219,1,3
P0705,2130676,2,2013,5.610068,-72.761681,2,6
P0706,2130677,2,2013,8.546063,-75.314326,2,9
P0708,2130678,2,2013,4.185149,-74.769069,2,1
P0709,2130679,2,2013,4.761773,-74.143435,1,1
P0710,2130680,2,2013,8.341486,-75.441031,2,9
P0711,2130681,2,2013,1.820039,-77.029319,2,8
P0712,2130682,2,2013,3.692264,-74.342043,2,1
P0713,2130683,2,2013,1.205993,-77.400367,2,8
P0714,2130684,2,2013,4.646547,-74.165837,1,1
P0715,2130685,2,2013,3.406318,-76.455954,1,3
P0716,2130686,2,2013,4.681605,-74.057036,1,1
P0717,2130687,2,2013,6.220761,-75.428672,1,2
P0718,2130688,2,2013,1.333744,-77.424872,2,8
P0719,2130689,2,2013,10.451607,-75.512785,1,5
P0720,2130690,2,2013,7.067045,-75.521978,2,7
P0723,2130692,2,2013,4.498761,-74.000275,1,1
P0724,2130693,2,2013,6.126578,-75.521291,1,2
P0725,2130694,2,2013,10.345699,-75.537505,1,5
P0726,2130695,2,2013,8.306499,-75.193839,2,9
P0727,2130696,2,2013,8.382356,-75.536213,2,9
P0728,2130697,2,2013,4.616752,-74.033994,1,1
P0729,2130698,2,2013,6.250297,-75.657896,1,2
P0730,2130699,2,2013,3.533381,-76.588162,1,3
P0731,2130700,2,2013,5.862608,-72.580124,2,6
P0732,2130701,2,2013,5.422862,-73.09935,2,6
P0733,2130702,2,2013,4.439169,-74.381351,2,1
P0734,2130703,2,2013,1.428151,-77.571952,2,8
P0735,2130704,2,2013,4.847167,-73.994548,1,1
P0737,2130706,2,2013,8.382471,-75.252548,2,9
P0738,2130707,2,2013,1.275571,-77.742589,2,8
P0739,2130708,2,2013,8.442029,-75.725677,2,9
P0740,2130709,2,2013,6.358129,-75.641498,1,2
P0741,2130710,2,2013,8.251021,-75.516745,2,9
P0742,2130711,2,2013,7.033746,-76.032579,2,7
P0743,2130712,2,2013,6.241211,-75.60289,1,2
P0744,2130713,2,2013,6.073478,-72.94911,2,6
P0746,2130714,2,2013,4.014195,-74.743484,2,1
P0747,2130715,2,2013,6.166142,-75.454854,1,2
P0748,2130716,2,2013,6.16859,-75.538481,1,2
P0749,2130717,2,2013,6.197646,-75.500747,1,2
P0751,2130718,2,2013,3.348011,-76.518465,1,3
P0752,2130719,2,2013,4.651722,-74.013036,1,1
P0753,2130720,2,2013,6.149537,-75.58234,1,2
P0754,2130721,2,2013,4.58063,-74.175602,1,1
P0755,2130722,2,2013,3.475127,-76.534872,1,3
P0756,2130723,2,2013,7.442294,-74.378535,2,7
P0757,2130724,2,2013,4.623276,-74.077059,1,1
P0759,2130726,2,2013,4.602623,-74.161012,1,1
P0760,2130727,2,2013,3.9602,-74.796271,2,1
P0761,2130728,2,2013,5.924709,-73.037104,2,6
P0763,2130729,2,2013,6.262656,-75.594826,1,2
P0764,2130730,2,2013,7.56887,-75.104817,2,7
P0765,2130731,2,2013,4.573329,-74.14244,1,1
P0766,2130732,2,2013,4.551916,-74.070345,1,1
P0768,2130734,2,2013,6.240317,-75.484856,1,2
P0769,2130735,2,2013,3.652412,-75.137854,2,1
P0770,2130736,2,2013,5.917257,-72.670775,2,6
P0771,2130737,2,2013,4.600991,-74.113465,1,1
P0772,2130738,2,2013,8.720765,-75.777221,2,9
P0773,2130739,2,2013,3.435222,-76.511711,1,3
P0774,2130740,2,2013,6.266235,-75.667455,1,2
P0775,2130741,2,2013,4.667708,-74.037971,1,1
P0776,2130742,2,2013,11.005295,-74.76954,1,4
P0777,2130743,2,2013,6.095258,-73.012747,2,6
P0778,2130744,2,2013,3.349003,-76.445659,1,3
P0779,2130745,2,2013,10.402363,-75.494755,1,5
P0781,2130747,2,2013,10.488539,-75.565052,1,5
P0782,2130748,2,2013,5.830221,-73.021736,2,6
P0784,2130750,2,2013,4.446433,-73.987614,1,1
P0785,2130751,2,2013,4.732558,-73.990088,1,1
P0786,2130752,2,2013,4.545845,-73.911862,1,1
P0787,2130753,2,2013,4.724459,-74.26637,1,1
P0788,2130754,2,2013,8.431799,-75.774338,2,9
P0789,2130755,2,2013,11.0061,-74.768598,1,4
P0790,2130756,2,2013,6.982174,-75.840905,2,7
P0792,2130758,2,2013,2.209755,-77.674765,2,8
P0793,2130759,2,2013,4.613398,-73.92218,1,1
P0794,2130760,2,2013,10.302956,-75.497664,1,5
P0795,2130761,2,2013,5.75809,-73.037452,2,6
P0797,2130762,2,2013,8.197008,-75.293394,2,9
P0798,2130763,2,2013,4.541005,-74.023839,1,1
P0799,2130764,2,2013,6.22139,-75.630661,1,2
P0801,2130766,2,2013,4.711816,-74.112878,1,1
P0802,2130767,2,2013,4.569054,-73.96894,1,1
P0803,2130768,2,2013,3.494308,-76.420177,1,3
P0804,2130769,2,2013,4.612725,-74.122698,1,1
P0805,2130770,2,2013,4.735115,-74.100582,1,1
P0807,2130772,2,2013,3.493366,-76.469251,1,3
P0808,2130773,2,2013,10.991996,-74.799513,1,4
P0809,2130774,2,2013,6.520869,-75.354239,2,7
P0810,2130775,2,2013,6.211959,-75.52578,1,2
P0811,2130776,2,2013,1.504626,-77.631182,2,8
P0812,2130777,2,2013,10.966085,-74.781169,1,4
P0813,2130778,2,2013,5.908106,-73.092232,2,6
P0814,2130779,2,2013,6.21583,-75.684469,1,2
P0816,2130781,2,2013,3.756145,-74.682529,2,1
P0817,2130782,2,2013,4.689234,-74.099524,1,1
P0818,2130783,2,2013,7.211894,-75.388484,2,7
P0819,2130784,2,2013,3.441617,-76.41828,1,3
P0820,2130785,2,2013,6.335064,-75.577924,1,2
P0823,2130787,2,2013,4.727386,-74.046729,1,1
P0825,2130789,2,2013,8.391947,-75.731473,2,9
P0826,2130790,2,2013,6.775224,-75.896237,2,7
P0827,2130791,2,2013,4.005101,-74.032398,2,1
P0828,2130792,2,2013,6.971863,-76.510508,2,7
P0829,2130793,2,2013,3.35895,-76.58701,1,3
P0830,2130794,2,2013,6.86402,-75.857457,2,7
P0832,2130796,2,2013,1.2971,-77.364499,2,8
P0833,2130797,2,2013,4.64645,-74.02541,1,1
P0834,2130798,2,2013,5.950299,-73.047232,2,6
P0835,2130799,2,2013,6.856768,-75.293773,2,7
P0836,2130800,2,2013,4.24177,-74.843693,2,1
P0837,2130801,2,2013,4.079975,-74.778151,2,1
P0838,2130802,2,2013,4.422242,-74.910325,2,1
P0839,2130803,2,2013,6.156064,-75.579021,1,2
P0840,2130804,2,2013,6.290738,-75.584992,1,2
P0841,2130805,2,2013,6.136555,-75.573383,1,2
P0842,2130806,2,2013,3.911,-74.586172,2,1
P0843,2130807,2,2013,4.586939,-74.132412,1,1
P0844,2130808,2,2013,8.782864,-75.11567,2,9
P0846,2130810,2,2013,8.030281,-75.597942,2,9
P0847,2130811,2,2013,6.116538,-75.492576,1,2
P0849,2130813,2,2013,6.219805,-75.512085,1,2
P0850,2130814,2,2013,6.854858,-75.734712,2,7
P0852,2130815,2,2013,6.406462,-75.510363,1,2
P0853,2130816,2,2013,4.053529,-74.005104,2,1
P0854,2130817,2,2013,10.959299,-74.86074,1,4
P0855,2130818,2,2013,4.791316,-74.103736,1,1
P0856,2130819,2,2013,7.177637,-75.35689,2,7
P0857,2130820,2,2013,8.761233,-75.405463,2,9
P0858,2130821,2,2013,10.403253,-75.492617,1,5
P0862,2130823,2,2013,6.109595,-72.896598,2,6
P0863,2130824,2,2013,10.960125,-74.810944,1,4
P0864,2130825,2,2013,3.541883,-76.493642,1,3
P0865,2130826,2,2013,7.169786,-75.545619,2,7
P0866,2130827,2,2013,6.287516,-75.527069,1,2
P0867,2130828,2,2013,4.707296,-74.086424,1,1
P0868,2130829,2,2013,4.838993,-73.957115,1,1
P0869,2130830,2,2013,1.373814,-77.686464,2,8
P0870,2130831,2,2013,4.668438,-74.076979,1,1
P0871,2130832,2,2013,4.728621,-74.036922,1,1
P0874,2130834,2,2013,9.070582,-75.242916,2,9
P0875,2130835,2,2013,10.902985,-74.810087,1,4
P0876,2130836,2,2013,6.214606,-75.573824,1,2
P0877,2130837,2,2013,8.974664,-74.870802,2,9
P0879,2130839,2,2013,3.383314,-76.531399,1,3
P0880,2130840,2,2013,1.52909,-77.268042,2,8
P0882,2130842,2,2013,4.266463,-74.651294,2,1
P0883,2130843,2,2013,4.732604,-74.065169,1,1
P0884,2130844,2,2013,6.265412,-75.568318,1,2
P0888,2130846,2,2013,3.511653,-76.555484,1,3
P0890,2130847,2,2013,4.736965,-74.032792,1,1
P0891,2130848,2,2013,8.563754,-75.634705,2,9
P0894,2130851,2,2013,8.747325,-75.246387,2,9
P0895,2130852,2,2013,3.525011,-76.486866,1,3
P0896,2130853,2,2013,10.307313,-75.439913,1,5
P0897,2130854,2,2013,10.924921,-74.691057,1,4
P0898,2130855,2,2013,4.196374,-74.668241,2,1
P0899,2130856,2,2013,6.33967,-75.567715,1,2
P0900,2130857,2,2013,4.737776,-74.052106,1,1
P0901,2130858,2,2013,10.348186,-75.472534,1,5
P0903,2130859,2,2013,8.633123,-75.663211,2,9
P0904,2130860,2,2013,5.774158,-73.452979,2,6
P0909,2130863,2,2013,10.443748,-75.53177,1,5
P0910,2130864,2,2013,1.889941,-77.650122,2,8
P0913,2130867,2,2013,4.106643,-74.371193,2,1
P0914,2130868,2,2013,10.339421,-75.481987,1,5
P0915,2130869,2,2013,10.369342,-75.474678,1,5
P0916,2130870,2,2013,4.168562,-74.379757,2,1
P0917,2130871,2,2013,3.539032,-74.670859,2,1
P0918,2130872,2,2013,4.197177,-74.61634,2,1
P0919,2130873,2,2013,4.676087,-74.239923,1,1
P0921,2130875,2,2013,4.620352,-74.131508,1,1
P0922,2130876,2,2013,8.859605,-75.477419,2,9
P0923,2130877,2,2013,4.625771,-74.254723,1,1
P0924,2130878,2,2013,4.686542,-74.171253,1,1
P0925,2130879,2,2013,6.236725,-75.540072,1,2
P0926,2130880,2,2013,4.720812,-74.109887,1,1
P0927,2130881,2,2013,3.822382,-74.730948,2,1
P0928,2130882,2,2013,6.284619,-75.606169,1,2
P0929,2130883,2,2013,10.437247,-75.53253,1,5
P0930,2130884,2,2013,6.990725,-75.525513,2,7
P0931,2130885,2,2013,8.154258,-75.317871,2,9
P0933,2130887,2,2013,1.783141,-77.388734,2,8
P0934,2130888,2,2013,3.982946,-74.643793,2,1
P0935,2130889,2,2013,5.430867,-72.954896,2,6
P0936,2130890,2,2013,4.419864,-74.630929,2,1
P0938,2130892,2,2013,10.400419,-75.482069,1,5
P0939,2130893,2,2013,10.968593,-74.820499,1,4
P0940,2130894,2,2013,5.658717,-73.012874,2,6
P0942,2130896,2,2013,3.48204,-76.47238,1,3
P0943,2130897,2,2013,5.742835,-73.001358,2,6
P0945,2130899,2,2013,5.572358,-72.620012,2,6
P0946,2130900,2,2013,6.239533,-73.358195,2,6
P0947,2130901,2,2013,4.604801,-74.05101,1,1
P0949,2130903,2,2013,8.014147,-75.162404,2,9
P0950,2130904,2,2013,3.419993,-76.481577,1,3
P0951,2130905,2,2013,4.710988,-73.998149,1,1
P0952,2130906,2,2013,1.601429,-77.880655,2,8
P0955,2130907,2,2013,4.535177,-74.074591,1,1
P0957,2130909,2,2013,1.239797,-77.111883,2,8
P0958,2130910,2,2013,10.957779,-74.761566,1,4
P0959,2130911,2,2013,3.458445,-76.50231,1,3
P0960,2130912,2,2013,6.59528,-75.744519,2,7
P0961,2130913,2,2013,6.23593,-75.605096,1,2
P0962,2130914,2,2013,6.25657,-75.552129,1,2
P0963,2130915,2,2013,4.646265,-74.117505,1,1
P0964,2130916,2,2013,3.455354,-76.612182,1,3
P0965,2130917,2,2013,10.902592,-74.744822,1,4
P0966,2130918,2,2013,10.950504,-74.816069,1,4
P0967,2130919,2,2013,7.14815,-75.887335,2,7
P0968,2130920,2,2013,4.642627,-74.00809,1,1
P0969,2130921,2,2013,5.934,-72.956175,2,6
P0970,2130922,2,2013,10.472952,-75.472765,1,5
P0971,2130923,2,2013,4.743351,-74.239812,1,1
P0974,2130925,2,2013,5.66794,-72.541081,2,6
P0975,2130926,2,2013,8.157934,-75.12655,2,9
P0978,2130929,2,2013,6.799535,-74.996489,2,7
P0979,2130930,2,2013,5.962061,-73.231786,2,6
P0980,2130931,2,2013,4.245733,-74.612127,2,1
P0983,2130934,2,2013,11.003069,-74.830292,1,4
P0985,2130935,2,2013,4.683096,-74.097317,1,1
P0986,2130936,2,2013,3.397788,-76.444637,1,3
P0987,2130937,2,2013,8.629359,-75.877511,2,9
P0988,2130938,2,2013,4.645032,-73.9775,1,1
P0989,2130939,2,2013,10.97767,-74.789136,1,4
P0990,2130940,2,2013,4.648783,-74.117001,1,1
P0991,2130941,2,2013,10.410149,-75.456567,1,5
P0992,2130942,2,2013,4.537718,-74.001053,1,1
P0993,2130943,2,2013,10.40564,-75.470575,1,5
P0994,2130944,2,2013,7.243037,-74.563825,2,7
P0995,2130945,2,2013,3.413943,-76.59753,1,3
P0997,2130947,2,2013,6.200182,-72.577487,2,6
P0998,2130948,2,2013,6.34209,-75.619939,1,2
P0999,2130949,2,2013,7.343137,-75.338455,2,7
P1000,2130950,2,2013,6.186271,-75.493697,1,2
P0001,3160001,3,2016,5.594616,-73.415786,2,6
P0002,3160002,3,2016,6.634064,-75.932552,2,7
P0003,3160003,3,2016,4.64523,-74.014143,1,1
P0005,3160004,3,2016,4.642207,-74.218039,1,1
P0006,3160005,3,2016,4.702575,-74.157722,1,1
P0007,3160006,3,2016,7.408641,-75.485684,2,7
P0008,3160007,3,2016,6.89877,-76.046413,2,7
P0009,3160008,3,2016,10.932723,-74.7268,1,4
P0010,3160009,3,2016,10.977636,-74.785321,1,4
P0011,3160010,3,2016,4.580855,-73.982543,1,1
P0012,3160011,3,2016,1.527153,-77.143051,2,8
P0013,3160012,3,2016,5.811209,-73.164197,2,6
P0014,3160013,3,2016,4.175019,-74.414832,2,1
P0015,3160014,3,2016,7.300452,-75.422887,2,7
P0016,3160015,3,2016,5.652025,-73.225995,2,6
P0017,3160016,3,2016,10.934496,-74.724541,1,4
P0018,3160017,3,2016,6.22548,-75.486785,1,2
P0019,3160018,3,2016,7.634418,-75.599021,2,7
P0020,3160019,3,2016,6.818118,-75.725767,2,7
P0021,3160020,3,2016,6.307581,-75.68265,1,2
P0023,3160021,3,2016,4.357395,-74.614952,2,1
P0024,3160022,3,2016,6.336388,-75.682788,1,2
P0025,3160023,3,2016,6.256141,-75.494024,1,2
P0026,3160024,3,2016,1.477986,-77.169866,2,8
P0027,3160025,3,2016,1.953825,-77.327242,2,8
P0028,3160026,3,2016,10.327153,-75.4498,1,5
P0029,3160027,3,2016,3.504344,-76.558728,1,3
P0030,3160028,3,2016,3.442305,-76.608369,1,3
P0031,3160029,3,2016,6.294906,-75.562218,1,2
P0032,3160030,3,2016,1.424137,-77.759197,2,8
P0033,3160031,3,2016,6.194906,-75.610301,1,2
P0035,3160033,3,2016,8.285616,-75.757213,2,9
P0036,3160034,3,2016,6.352396,-75.560269,1,2
P0037,3160035,3,2016,1.465738,-77.591812,2,8
P0038,3160036,3,2016,1.718125,-77.519325,2,8
P0040,3160038,3,2016,6.225861,-75.492329,1,2
P0041,3160039,3,2016,3.472695,-76.484937,1,3
P0042,3160040,3,2016,4.539314,-73.985715,1,1
P0043,3160041,3,2016,6.110742,-73.725733,2,6
P0045,3160043,3,2016,8.327526,-75.106435,2,9
P0046,3160044,3,2016,4.635373,-74.158619,1,1
P0047,3160045,3,2016,11.016991,-74.858848,1,4
P0050,3160047,3,2016,8.116959,-75.200225,2,9
P0051,3160048,3,2016,4.681822,-74.24936,1,1
P0052,3160049,3,2016,10.376933,-75.464247,1,5
P0053,3160050,3,2016,10.418559,-75.554133,1,5
P0056,3160052,3,2016,4.605217,-73.976226,1,1
P0057,3160053,3,2016,8.086369,-75.119322,2,9
P0058,3160054,3,2016,8.309692,-75.448955,2,9
P0059,3160055,3,2016,4.691231,-73.977937,1,1
P0061,3160057,3,2016,6.145308,-75.576552,1,2
P0062,3160058,3,2016,6.356762,-75.590167,1,2
P0063,3160059,3,2016,8.715291,-75.69019,2,9
P0064,3160060,3,2016,8.562594,-75.270413,2,9
P0065,3160061,3,2016,7.318365,-75.579972,2,7
P0066,3160062,3,2016,4.663949,-74.174663,1,1
P0068,3160064,3,2016,6.588224,-75.921857,2,7
P0069,3160065,3,2016,8.361579,-75.654677,2,9
P0070,3160066,3,2016,6.2185,-75.531156,1,2
P0072,3160068,3,2016,8.788217,-75.509505,2,9
P0075,3160070,3,2016,3.473831,-76.517973,1,3
P0076,3160071,3,2016,7.204737,-75.624192,2,7
P0077,3160072,3,2016,6.290156,-75.58122,1,2
P0079,3160074,3,2016,8.534589,-75.135884,2,9
P0080,3160075,3,2016,7.368573,-75.560175,2,7
P0081,3160076,3,2016,10.955981,-74.758654,1,4
P0082,3160077,3,2016,3.481807,-76.565908,1,3
P0083,3160078,3,2016,1.369474,-77.319558,2,8
P0084,3160079,3,2016,4.718085,-73.984292,1,1
P0085,3160080,3,2016,5.679126,-72.786053,2,6
P0086,3160081,3,2016,3.539702,-76.534109,1,3
P0087,3160082,3,2016,4.599608,-74.022944,1,1
P0088,3160083,3,2016,6.179186,-75.533447,1,2
P0089,3160084,3,2016,7.43372,-75.861444,2,7
P0090,3160085,3,2016,6.259844,-75.516594,1,2
P0091,3160086,3,2016,3.513795,-76.535657,1,3
P0092,3160087,3,2016,5.878613,-73.457112,2,6
P0093,3160088,3,2016,8.049639,-76.192005,2,9
P0094,3160089,3,2016,6.312099,-75.635247,1,2
P0095,3160090,3,2016,4.724236,-74.062658,1,1
P0096,3160091,3,2016,7.179553,-75.67256,2,7
P0097,3160092,3,2016,8.616298,-75.534469,2,9
P0098,3160093,3,2016,5.680552,-73.100468,2,6
P0099,3160094,3,2016,6.674121,-75.240147,2,7
P0100,3160095,3,2016,4.57874,-74.204478,1,1
P0101,3160096,3,2016,10.337812,-75.529143,1,5
P0104,3160099,3,2016,4.130285,-74.822128,2,1
P0105,3160100,3,2016,1.414144,-77.854868,2,8
P0106,3160101,3,2016,4.652057,-74.162905,1,1
P0107,3160102,3,2016,5.708712,-73.207997,2,6
P0111,3160105,3,2016,3.477578,-76.567586,1,3
P0113,3160106,3,2016,3.736675,-74.69823,2,1
P0114,3160107,3,2016,4.708076,-74.086906,1,1
P0116,3160109,3,2016,1.658087,-77.177158,2,8
P0118,3160110,3,2016,6.266632,-75.617588,1,2
P0119,3160111,3,2016,6.343928,-75.588663,1,2
P0120,3160112,3,2016,4.674161,-74.002253,1,1
P0121,3160113,3,2016,8.784681,-75.737425,2,9
P0122,3160114,3,2016,8.504425,-74.97422,2,9
P0123,3160115,3,2016,7.415059,-75.427468,2,7
P0124,3160116,3,2016,8.555603,-75.650195,2,9
P0125,3160117,3,2016,5.550379,-72.956899,2,6
P0128,3160119,3,2016,3.976798,-74.47383,2,1
P0129,3160120,3,2016,6.285854,-75.55505,1,2
P0130,3160121,3,2016,3.42526,-76.556778,1,3
P0131,3160122,3,2016,6.28278,-75.588609,1,2
P0132,3160123,3,2016,3.824384,-73.860844,2,1
P0133,3160124,3,2016,6.367796,-75.547015,1,2
P0137,3160126,3,2016,8.906279,-75.322336,2,9
P0139,3160127,3,2016,10.390008,-75.539515,1,5
P0140,3160128,3,2016,4.660644,-74.012949,1,1
P0141,3160129,3,2016,8.487666,-75.507592,2,9
P0142,3160130,3,2016,3.454643,-76.485707,1,3
P0143,3160131,3,2016,7.338608,-75.768972,2,7
P0144,3160132,3,2016,10.447046,-75.524987,1,5
P0145,3160133,3,2016,6.147137,-72.603513,2,6
P0146,3160134,3,2016,4.254393,-74.400183,2,1
P0148,3160135,3,2016,6.246048,-75.660867,1,2
P0151,3160137,3,2016,6.170106,-75.592192,1,2
P0152,3160138,3,2016,8.097068,-75.579286,2,9
P0153,3160139,3,2016,3.479799,-76.49992,1,3
P0154,3160140,3,2016,10.462761,-75.530503,1,5
P0155,3160141,3,2016,4.59541,-74.184623,1,1
P0156,3160142,3,2016,4.687848,-73.954724,1,1
P0157,3160143,3,2016,3.387876,-76.544245,1,3
P0158,3160144,3,2016,4.652525,-74.202757,1,1
P0160,3160146,3,2016,10.996805,-74.820612,1,4
P0161,3160147,3,2016,3.4316,-76.621123,1,3
P0163,3160148,3,2016,4.814677,-74.06011,1,1
P0164,3160149,3,2016,5.705109,-72.98782,2,6
P0165,3160150,3,2016,6.657819,-75.650634,2,7
P0166,3160151,3,2016,6.932245,-75.138471,2,7
P0167,3160152,3,2016,6.093662,-72.667674,2,6
P0168,3160153,3,2016,4.593587,-74.920931,2,1
P0170,3160154,3,2016,10.899422,-74.805617,1,4
P0171,3160155,3,2016,3.42927,-76.507616,1,3
P0172,3160156,3,2016,4.626606,-74.034674,1,1
P0173,3160157,3,2016,1.984515,-77.771055,2,8
P0175,3160158,3,2016,10.984041,-74.756283,1,4
P0176,3160159,3,2016,3.682495,-74.494523,2,1
P0177,3160160,3,2016,7.444959,-75.769001,2,7
P0178,3160161,3,2016,6.911116,-74.753853,2,7
P0179,3160162,3,2016,6.094271,-73.211242,2,6
P0180,3160163,3,2016,8.57378,-75.878688,2,9
P0181,3160164,3,2016,8.22956,-75.434854,2,9
P0183,3160166,3,2016,4.643363,-74.220343,1,1
P0185,3160168,3,2016,4.385406,-74.5415,2,1
P0187,3160170,3,2016,4.614707,-73.9548,1,1
P0188,3160171,3,2016,4.595523,-74.041109,1,1
P0189,3160172,3,2016,6.255748,-75.48947,1,2
P0190,3160173,3,2016,1.498688,-77.626692,2,8
P0191,3160174,3,2016,10.393655,-75.540872,1,5
P0192,3160175,3,2016,1.652964,-77.588295,2,8
P0194,3160176,3,2016,5.990491,-73.362537,2,6
P0195,3160177,3,2016,4.30211,-74.472,2,1
P0198,3160179,3,2016,6.184302,-75.575614,1,2
P0199,3160180,3,2016,4.624346,-74.093004,1,1
P0200,3160181,3,2016,8.259162,-75.499723,2,9
P0201,3160182,3,2016,3.485745,-76.514792,1,3
P0202,3160183,3,2016,1.652894,-77.702655,2,8
P0203,3160184,3,2016,4.619056,-74.176479,1,1
P0207,3160188,3,2016,5.652158,-73.005554,2,6
P0208,3160189,3,2016,4.624665,-74.019339,1,1
P0209,3160190,3,2016,10.3653,-75.546022,1,5
P0211,3160192,3,2016,10.92905,-74.714708,1,4
P0213,3160194,3,2016,4.138638,-74.090769,2,1
P0214,3160195,3,2016,6.304174,-75.670837,1,2
P0215,3160196,3,2016,6.020029,-73.259736,2,6
P0216,3160197,3,2016,3.770199,-74.533245,2,1
P0217,3160198,3,2016,1.186024,-77.464751,2,8
P0218,3160199,3,2016,8.010776,-75.628176,2,9
P0219,3160200,3,2016,3.472955,-73.921601,2,1
P0220,3160201,3,2016,3.387158,-76.465112,1,3
P0221,3160202,3,2016,4.72419,-74.186719,1,1
P0222,3160203,3,2016,1.545767,-77.162802,2,8
P0223,3160204,3,2016,1.423847,-77.371934,2,8
P0225,3160205,3,2016,4.629984,-74.117361,1,1
P0226,3160206,3,2016,8.173463,-75.970194,2,9
P0229,3160208,3,2016,4.670807,-73.919841,1,1
P0230,3160209,3,2016,4.541036,-73.92842,1,1
P0231,3160210,3,2016,6.582231,-75.140852,2,7
P0233,3160212,3,2016,4.696889,-73.904623,1,1
P0234,3160213,3,2016,6.299143,-75.524946,1,2
P0236,3160215,3,2016,3.344255,-76.554839,1,3
P0237,3160216,3,2016,6.97685,-75.097761,2,7
P0238,3160217,3,2016,11.017933,-74.841956,1,4
P0239,3160218,3,2016,6.263252,-75.506448,1,2
P0240,3160219,3,2016,6.97731,-75.758858,2,7
P0241,3160220,3,2016,5.338854,-72.760654,2,6
P0243,3160221,3,2016,3.478055,-76.546411,1,3
P0244,3160222,3,2016,10.93789,-74.772261,1,4
P0245,3160223,3,2016,5.783275,-73.163541,2,6
P0246,3160224,3,2016,10.352927,-75.500036,1,5
P0247,3160225,3,2016,3.913654,-74.572888,2,1
P0248,3160226,3,2016,1.377096,-77.199592,2,8
P0250,3160228,3,2016,4.597961,-74.194774,1,1
P0251,3160229,3,2016,4.55084,-74.125196,1,1
P0252,3160230,3,2016,4.66745,-74.182236,1,1
P0253,3160231,3,2016,8.239674,-75.844031,2,9
P0255,3160232,3,2016,10.893136,-74.799345,1,4
P0256,3160233,3,2016,10.913955,-74.74691,1,4
P0258,3160235,3,2016,6.916604,-75.381197,2,7
P0259,3160236,3,2016,6.233236,-75.554239,1,2
P0260,3160237,3,2016,6.116919,-75.721409,2,7
P0261,3160238,3,2016,6.126353,-75.563837,1,2
P0263,3160240,3,2016,6.234339,-75.597018,1,2
P0264,3160241,3,2016,3.418864,-76.536785,1,3
P0265,3160242,3,2016,3.441218,-76.521641,1,3
P0267,3160244,3,2016,7.107211,-75.184144,2,7
P0268,3160245,3,2016,3.448024,-76.452191,1,3
P0269,3160246,3,2016,3.759397,-74.889286,2,1
P0272,3160248,3,2016,6.186691,-75.539673,1,2
P0273,3160249,3,2016,6.428712,-75.508658,2,7
P0274,3160250,3,2016,4.600569,-73.926673,1,1
P0276,3160252,3,2016,6.180417,-75.427084,1,2
P0277,3160253,3,2016,6.280216,-75.449006,1,2
P0278,3160254,3,2016,4.623838,-74.044237,1,1
P0282,3160256,3,2016,3.44517,-76.493485,1,3
P0285,3160258,3,2016,6.009539,-73.309411,2,6
P0286,3160259,3,2016,4.522553,-73.911094,1,1
P0287,3160260,3,2016,1.771523,-77.039482,2,8
P0288,3160261,3,2016,4.619054,-74.050472,1,1
P0289,3160262,3,2016,6.608977,-75.554217,2,7
P0290,3160263,3,2016,7.357366,-75.028814,2,7
P0292,3160265,3,2016,6.244045,-75.603353,1,2
P0293,3160266,3,2016,3.447089,-76.522081,1,3
P0294,3160267,3,2016,4.550382,-74.163156,1,1
P0295,3160268,3,2016,6.096589,-72.597035,2,6
P0296,3160269,3,2016,8.270091,-75.13135,2,9
P0297,3160270,3,2016,4.455351,-74.144308,1,1
P0299,3160272,3,2016,3.818035,-73.808277,2,1
P0300,3160273,3,2016,1.715317,-77.380695,2,8
P0301,3160274,3,2016,4.573516,-74.191763,1,1
P0302,3160275,3,2016,4.563449,-74.133868,1,1
P0303,3160276,3,2016,4.685871,-74.183819,1,1
P0304,3160277,3,2016,11.03789,-74.754607,1,4
P0305,3160278,3,2016,8.651369,-76.143478,2,9
P0306,3160279,3,2016,10.975059,-74.858508,1,4
P0307,3160280,3,2016,4.655444,-73.966657,1,1
P0309,3160281,3,2016,10.954977,-74.845808,1,4
P0310,3160282,3,2016,4.783532,-74.253059,1,1
P0311,3160283,3,2016,5.991166,-73.195886,2,6
P0313,3160285,3,2016,10.902755,-74.725165,1,4
P0314,3160286,3,2016,6.222108,-75.576653,1,2
P0315,3160287,3,2016,6.241593,-75.641488,1,2
P0316,3160288,3,2016,4.734236,-74.07069,1,1
P0317,3160289,3,2016,11.035223,-74.806112,1,4
P0318,3160290,3,2016,8.482378,-75.900923,2,9
P0319,3160291,3,2016,4.654489,-74.043081,1,1
P0320,3160292,3,2016,1.728568,-77.112503,2,8
P0321,3160293,3,2016,4.64122,-74.070965,1,1
P0324,3160294,3,2016,8.673511,-75.728511,2,9
P0325,3160295,3,2016,1.610738,-77.24338,2,8
P0327,3160297,3,2016,6.186759,-75.548167,1,2
P0328,3160298,3,2016,4.722722,-74.168842,1,1
P0329,3160299,3,2016,3.390827,-76.525785,1,3
P0330,3160300,3,2016,1.515762,-78.017699,2,8
P0332,3160302,3,2016,6.240788,-75.52139,1,2
P0333,3160303,3,2016,6.885935,-75.690813,2,7
P0334,3160304,3,2016,4.651579,-74.147727,1,1
P0335,3160305,3,2016,4.651332,-74.152046,1,1
P0336,3160306,3,2016,4.637243,-74.091911,1,1
P0337,3160307,3,2016,3.389974,-76.480666,1,3
P0338,3160308,3,2016,4.664261,-73.996089,1,1
P0339,3160309,3,2016,10.927237,-74.756268,1,4
P0341,3160311,3,2016,8.740445,-75.489302,2,9
P0342,3160312,3,2016,4.497272,-74.185202,1,1
P0343,3160313,3,2016,5.593667,-73.21642,2,6
P0344,3160314,3,2016,4.503176,-74.01137,1,1
P0345,3160315,3,2016,4.562063,-74.169104,1,1
P0346,3160316,3,2016,10.350411,-75.512704,1,5
P0347,3160317,3,2016,4.743573,-74.130874,1,1
P0348,3160318,3,2016,6.229677,-75.423512,1,2
P0349,3160319,3,2016,6.182952,-75.610317,1,2
P0351,3160320,3,2016,4.776648,-74.080668,1,1
P0353,3160321,3,2016,4.622496,-74.124621,1,1
P0354,3160322,3,2016,6.934976,-75.505869,2,7
P0355,3160323,3,2016,4.676418,-74.016459,1,1
P0356,3160324,3,2016,10.96984,-74.814889,1,4
P0357,3160325,3,2016,6.31838,-72.735449,2,6
P0358,3160326,3,2016,8.152009,-75.365096,2,9
P0359,3160327,3,2016,6.335533,-75.627408,1,2
P0360,3160328,3,2016,6.284921,-75.58038,1,2
P0361,3160329,3,2016,5.214897,-72.996068,2,6
P0362,3160330,3,2016,3.877228,-74.529218,2,1
P0363,3160331,3,2016,8.761892,-75.648539,2,9
P0364,3160332,3,2016,4.677072,-74.054189,1,1
P0365,3160333,3,2016,10.87016,-74.817677,1,4
P0366,3160334,3,2016,3.526524,-76.455293,1,3
P0367,3160335,3,2016,8.7774,-75.87635,2,9
P0368,3160336,3,2016,6.180726,-75.490937,1,2
P0370,3160338,3,2016,3.489827,-76.487844,1,3
P0371,3160339,3,2016,10.952786,-74.814035,1,4
P0372,3160340,3,2016,10.96764,-74.833907,1,4
P0374,3160341,3,2016,3.49672,-76.47519,1,3
P0375,3160342,3,2016,7.252196,-75.788885,2,7
P0376,3160343,3,2016,1.948015,-77.272339,2,8
P0377,3160344,3,2016,6.167658,-75.597079,1,2
P0378,3160345,3,2016,10.406634,-75.537887,1,5
P0379,3160346,3,2016,7.000109,-75.574844,2,7
P0380,3160347,3,2016,10.969008,-74.737975,1,4
P0381,3160348,3,2016,4.666343,-74.114137,1,1
P0383,3160349,3,2016,6.297006,-75.564426,1,2
P0384,3160350,3,2016,3.454119,-76.503877,1,3
P0386,3160352,3,2016,10.342897,-75.484287,1,5
P0388,3160354,3,2016,4.39497,-74.436765,2,1
P0389,3160355,3,2016,6.164262,-75.540203,1,2
P0390,3160356,3,2016,4.756185,-74.090339,1,1
P0391,3160357,3,2016,6.234197,-75.637246,1,2
P0392,3160358,3,2016,5.929941,-72.869919,2,6
P0393,3160359,3,2016,10.899478,-74.844979,1,4
P0394,3160360,3,2016,4.483583,-74.480598,2,1
P0395,3160361,3,2016,11.032338,-74.829795,1,4
P0398,3160362,3,2016,3.434064,-74.650625,2,1
P0399,3160363,3,2016,10.971797,-74.716073,1,4
P0400,3160364,3,2016,7.378511,-75.313244,2,7
P0401,3160365,3,2016,6.007865,-73.290753,2,6
P0404,3160367,3,2016,6.192158,-75.58173,1,2
P0405,3160368,3,2016,1.552316,-77.061349,2,8
P0406,3160369,3,2016,3.501426,-76.473398,1,3
P0408,3160370,3,2016,3.43802,-76.530192,1,3
P0409,3160371,3,2016,4.648302,-74.082876,1,1
P0411,3160373,3,2016,10.899599,-74.880588,1,4
P0412,3160374,3,2016,4.677042,-74.130154,1,1
P0413,3160375,3,2016,3.524949,-76.452364,1,3
P0414,3160376,3,2016,3.419718,-76.619475,1,3
P0416,3160377,3,2016,4.359781,-74.873943,2,1
P0417,3160378,3,2016,3.452519,-76.503069,1,3
P0418,3160379,3,2016,7.080434,-75.583237,2,7
P0419,3160380,3,2016,8.790713,-75.197931,2,9
P0420,3160381,3,2016,4.311636,-74.648584,2,1
P0421,3160382,3,2016,4.687344,-73.938546,1,1
P0422,3160383,3,2016,10.973176,-74.762184,1,4
P0423,3160384,3,2016,4.7289,-73.943228,1,1
P0424,3160385,3,2016,4.769736,-74.041728,1,1
P0425,3160386,3,2016,1.522931,-77.464133,2,8
P0426,3160387,3,2016,1.158709,-77.596583,2,8
P0427,3160388,3,2016,7.055771,-76.121411,2,7
P0428,3160389,3,2016,10.402911,-75.502698,1,5
P0431,3160391,3,2016,3.419679,-76.623591,1,3
P0432,3160392,3,2016,1.236795,-77.891087,2,8
P0433,3160393,3,2016,6.115376,-75.522941,1,2
P0435,3160395,3,2016,4.68596,-74.158941,1,1
P0436,3160396,3,2016,10.369301,-75.497183,1,5
P0438,3160397,3,2016,10.902192,-74.763653,1,4
P0439,3160398,3,2016,6.363049,-75.529247,1,2
P0440,3160399,3,2016,3.474347,-76.454149,1,3
P0441,3160400,3,2016,3.449076,-76.514899,1,3
P0446,3160404,3,2016,3.536551,-76.493167,1,3
P0447,3160405,3,2016,10.386778,-75.568893,1,5
P0448,3160406,3,2016,3.960284,-74.48486,2,1
P0449,3160407,3,2016,6.355977,-75.632836,1,2
P0450,3160408,3,2016,10.873408,-74.82012,1,4
P0451,3160409,3,2016,10.903769,-74.745079,1,4
P0452,3160410,3,2016,6.926383,-76.512834,2,7
P0453,3160411,3,2016,6.945331,-75.491114,2,7
P0454,3160412,3,2016,11.046203,-74.78671,1,4
P0455,3160413,3,2016,7.191984,-75.936774,2,7
P0456,3160414,3,2016,8.388226,-75.330106,2,9
P0457,3160415,3,2016,10.40191,-75.508036,1,5
P0458,3160416,3,2016,6.282273,-75.660258,1,2
P0459,3160417,3,2016,6.184976,-72.9455,2,6
P0460,3160418,3,2016,10.893566,-74.792559,1,4
P0461,3160419,3,2016,4.151644,-74.197818,2,1
P0462,3160420,3,2016,10.353662,-75.477811,1,5
P0464,3160421,3,2016,10.372097,-75.536008,1,5
P0465,3160422,3,2016,4.663955,-74.069677,1,1
P0466,3160423,3,2016,10.432067,-75.489662,1,5
P0468,3160425,3,2016,3.462141,-76.581323,1,3
P0470,3160427,3,2016,8.408629,-75.676145,2,7
P0474,3160430,3,2016,10.956486,-74.803374,1,4
P0475,3160431,3,2016,10.318566,-75.473413,1,5
P0476,3160432,3,2016,8.446411,-75.79814,2,9
P0477,3160433,3,2016,6.219171,-75.51502,1,2
P0478,3160434,3,2016,0.876542,-77.434873,2,8
P0479,3160435,3,2016,10.8799,-74.811268,1,4
P0480,3160436,3,2016,3.382425,-76.576319,1,3
P0481,3160437,3,2016,6.191653,-75.562647,1,2
P0484,3160440,3,2016,3.406161,-76.517904,1,3
P0485,3160441,3,2016,4.704102,-74.080802,1,1
P0487,3160443,3,2016,10.426669,-75.53313,1,5
P0488,3160444,3,2016,4.754425,-74.125406,1,1
P0489,3160445,3,2016,3.57061,-76.46228,1,3
P0491,3160447,3,2016,10.971381,-74.824061,1,4
P0493,3160448,3,2016,4.530627,-74.047426,1,1
P0494,3160449,3,2016,1.47909,-77.269771,2,8
P0495,3160450,3,2016,6.1509,-75.570744,1,2
P0497,3160452,3,2016,4.685358,-74.251413,1,1
P0500,3160453,3,2016,1.38457,-77.588355,2,8
P0501,3160454,3,2016,3.471059,-76.477965,1,3
P0502,3160455,3,2016,6.30262,-75.64988,1,2
P0503,3160456,3,2016,5.869565,-72.769924,2,6
P0504,3160457,3,2016,4.694485,-74.145757,1,1
P0505,3160458,3,2016,8.742889,-75.698097,2,9
P0506,3160459,3,2016,5.857311,-72.457747,2,6
P0507,3160460,3,2016,6.708694,-75.436691,2,7
P0509,3160461,3,2016,8.777101,-75.250322,2,9
P0510,3160462,3,2016,1.904558,-77.399863,2,8
P0511,3160463,3,2016,6.23334,-75.507223,1,2
P0512,3160464,3,2016,6.696477,-75.231367,2,7
P0514,3160466,3,2016,3.467065,-76.552529,1,3
P0516,3160468,3,2016,10.442714,-75.564358,1,5
P0517,3160469,3,2016,6.270877,-75.558943,1,2
P0518,3160470,3,2016,10.928793,-74.908309,1,4
P0520,3160472,3,2016,4.52685,-74.093172,1,1
P0521,3160473,3,2016,4.628756,-74.009467,1,1
P0522,3160474,3,2016,4.854044,-73.939654,1,1
P0524,3160476,3,2016,5.770493,-72.993717,2,6
P0525,3160477,3,2016,10.933472,-74.879672,1,4
P0526,3160478,3,2016,8.170919,-75.885555,2,9
P0527,3160479,3,2016,4.564358,-74.073037,1,1
P0528,3160480,3,2016,4.558715,-73.914471,1,1
P0529,3160481,3,2016,6.215461,-75.567849,1,2
P0530,3160482,3,2016,4.089828,-74.318172,2,1
P0531,3160483,3,2016,4.653051,-74.124381,1,1
P0532,3160484,3,2016,8.546672,-74.96921,2,9
P0533,3160485,3,2016,8.261549,-75.462566,2,9
P0534,3160486,3,2016,4.05596,-74.486145,2,1
P0535,3160487,3,2016,6.578408,-75.401924,2,7
P0536,3160488,3,2016,3.441237,-76.451439,1,3
P0537,3160489,3,2016,3.814866,-74.512903,2,1
P0538,3160490,3,2016,1.33256,-77.481035,2,8
P0539,3160491,3,2016,10.856143,-74.855617,1,4
P0540,3160492,3,2016,3.642784,-74.797442,2,1
P0541,3160493,3,2016,8.237926,-75.536404,2,9
P0542,3160494,3,2016,3.388717,-76.454607,1,3
P0543,3160495,3,2016,6.280597,-75.554253,1,2
P0544,3160496,3,2016,4.630682,-74.070161,1,1
P0545,3160497,3,2016,1.470492,-77.321843,2,8
P0547,3160499,3,2016,4.224943,-74.33649,2,1
P0548,3160500,3,2016,10.372497,-75.493094,1,5
P0549,3160501,3,2016,4.750464,-73.993988,1,1
P0551,3160503,3,2016,3.485846,-76.562019,1,3
P0552,3160504,3,2016,7.247447,-75.490134,2,7
P0553,3160505,3,2016,6.222764,-75.546053,1,2
P0555,3160506,3,2016,6.233858,-73.453889,2,6
P0557,3160508,3,2016,7.48812,-75.73627,2,7
P0558,3160509,3,2016,5.849794,-72.663316,2,6
P0559,3160510,3,2016,6.280591,-75.579761,1,2
P0561,3160512,3,2016,6.660211,-74.627936,2,7
P0562,3160513,3,2016,6.141549,-75.647196,1,2
P0563,3160514,3,2016,4.656566,-74.072006,1,1
P0565,3160515,3,2016,4.511661,-73.942551,1,1
P0568,3160517,3,2016,4.686155,-73.970823,1,1
P0569,3160518,3,2016,11.046366,-74.743608,1,4
P0570,3160519,3,2016,4.498213,-74.363272,2,1
P0572,3160521,3,2016,6.763607,-75.31778,2,7
P0573,3160522,3,2016,4.806541,-74.113116,1,1
P0574,3160523,3,2016,7.431625,-75.293953,2,7
P0575,3160524,3,2016,6.282369,-75.48361,1,2
P0576,3160525,3,2016,6.214287,-75.49813,1,2
P0577,3160526,3,2016,5.684383,-73.515661,2,6
P0579,3160527,3,2016,4.761527,-74.162862,1,1
P0580,3160528,3,2016,3.46029,-76.585247,1,3
P0581,3160529,3,2016,1.233394,-77.51865,2,8
P0582,3160530,3,2016,10.446095,-75.480037,1,5
P0584,3160532,3,2016,4.613641,-74.200362,1,1
P0586,3160533,3,2016,11.044091,-74.815224,1,4
P0587,3160534,3,2016,4.180039,-74.267948,2,1
P0588,3160535,3,2016,4.731858,-74.0425,1,1
P0590,3160536,3,2016,6.912817,-75.079791,2,7
P0592,3160537,3,2016,4.561663,-73.988989,1,1
P0593,3160538,3,2016,10.406907,-75.501562,1,5
P0594,3160539,3,2016,3.439227,-76.425492,1,3
P0595,3160540,3,2016,3.362218,-74.710117,2,1
P0596,3160541,3,2016,6.23979,-75.675477,1,2
P0599,3160543,3,2016,5.579763,-73.056961,2,6
P0600,3160544,3,2016,1.407454,-78.145769,2,8
P0601,3160545,3,2016,1.789848,-77.396439,2,8
P0602,3160546,3,2016,3.421934,-76.599169,1,3
P0603,3160547,3,2016,4.643378,-74.187533,1,1
P0605,3160548,3,2016,4.617034,-73.955205,1,1
P0607,3160549,3,2016,10.403912,-75.44565,1,5
P0610,3160552,3,2016,10.925219,-74.853189,1,4
P0611,3160553,3,2016,4.633214,-73.993309,1,1
P0612,3160554,3,2016,10.412539,-75.487825,1,5
P0613,3160555,3,2016,10.964349,-74.779054,1,4
P0615,3160556,3,2016,8.33656,-75.783332,2,9
P0616,3160557,3,2016,6.614485,-75.611038,2,7
P0617,3160558,3,2016,10.355681,-75.521991,1,5
P0619,3160559,3,2016,10.342131,-75.467459,1,5
P0620,3160560,3,2016,6.210869,-75.717553,1,2
P0621,3160561,3,2016,7.327645,-75.525554,2,7
P0622,3160562,3,2016,10.434214,-75.452681,1,5
P0623,3160563,3,2016,6.252661,-75.521168,1,2
P0624,3160564,3,2016,4.66534,-73.973982,1,1
P0625,3160565,3,2016,5.868483,-73.781372,2,6
P0627,3160567,3,2016,6.189154,-75.568606,1,2
P0630,3160569,3,2016,3.432432,-76.478998,1,3
P0631,3160570,3,2016,5.536839,-72.742902,2,6
P0632,3160571,3,2016,6.673917,-75.638527,2,7
P0633,3160572,3,2016,3.370159,-76.600292,1,3
P0634,3160573,3,2016,4.584819,-74.080349,1,1
P0635,3160574,3,2016,3.375608,-76.531246,1,3
P0636,3160575,3,2016,10.922518,-74.832937,1,4
P0637,3160576,3,2016,9.074713,-75.467882,2,9
P0638,3160577,3,2016,8.46838,-75.749638,2,9
P0639,3160578,3,2016,4.668181,-74.005865,1,1
P0640,3160579,3,2016,1.696423,-77.648592,2,8
P0641,3160580,3,2016,4.601467,-74.001412,1,1
P0642,3160581,3,2016,6.292817,-75.569921,1,2
P0643,3160582,3,2016,6.31657,-75.567892,1,2
P0644,3160583,3,2016,4.769667,-74.04789,1,1
P0645,3160584,3,2016,6.798845,-75.782081,2,7
P0646,3160585,3,2016,6.263661,-75.627164,1,2
P0647,3160586,3,2016,5.748294,-73.204522,2,6
P0648,3160587,3,2016,6.721434,-75.036322,2,7
P0649,3160588,3,2016,4.666955,-74.064274,1,1
P0650,3160589,3,2016,10.975121,-74.869313,1,4
P0651,3160590,3,2016,3.546609,-76.481615,1,3
P0652,3160591,3,2016,4.601466,-74.048959,1,1
P0653,3160592,3,2016,8.366668,-75.568571,2,9
P0654,3160593,3,2016,3.960067,-74.213697,2,1
P0656,3160594,3,2016,4.572874,-74.097413,1,1
P0657,3160595,3,2016,1.468624,-77.326808,2,8
P0658,3160596,3,2016,4.606916,-73.963392,1,1
P0659,3160597,3,2016,6.184711,-75.568905,1,2
P0660,3160598,3,2016,1.940343,-77.333279,2,8
P0661,3160599,3,2016,10.38885,-75.533748,1,5
P0662,3160600,3,2016,5.892828,-72.638503,2,6
P0663,3160601,3,2016,1.485193,-77.328204,2,8
P0664,3160602,3,2016,2.018046,-77.358224,2,8
P0665,3160603,3,2016,7.023345,-75.902149,2,7
P0666,3160604,3,2016,4.535844,-74.188673,1,1
P0667,3160605,3,2016,4.682746,-74.166205,1,1
P0668,3160606,3,2016,6.330159,-75.677212,1,2
P0669,3160607,3,2016,10.958652,-74.894035,1,4
P0671,3160609,3,2016,6.108381,-73.48974,2,6
P0672,3160610,3,2016,5.40273,-73.034677,2,6
P0673,3160611,3,2016,3.468347,-76.428597,1,3
P0674,3160612,3,2016,1.486631,-77.482015,2,8
P0675,3160613,3,2016,10.463403,-75.511066,1,5
P0677,3160615,3,2016,6.374768,-75.467843,1,2
P0678,3160616,3,2016,8.551238,-75.448378,2,9
P0679,3160617,3,2016,5.852554,-73.061478,2,6
P0680,3160618,3,2016,6.142753,-75.316081,2,7
P0682,3160619,3,2016,3.386561,-76.496173,1,3
P0683,3160620,3,2016,4.568357,-73.972702,1,1
P0684,3160621,3,2016,4.764351,-74.098586,1,1
P0685,3160622,3,2016,6.18415,-75.610214,1,2
P0686,3160623,3,2016,7.061239,-76.433201,2,7
P0687,3160624,3,2016,10.384725,-75.435682,1,5
P0689,3160625,3,2016,6.456909,-75.493207,2,7
P0690,3160626,3,2016,11.026988,-74.858096,1,4
P0693,3160629,3,2016,3.480935,-76.4922,1,3
P0694,3160630,3,2016,4.602511,-73.952206,1,1
P0695,3160631,3,2016,6.272938,-75.511357,1,2
P0697,3160633,3,2016,4.676208,-74.150769,1,1
P0698,3160634,3,2016,6.752487,-75.950664,2,7
P0699,3160635,3,2016,3.495374,-76.555139,1,3
P0700,3160636,3,2016,3.427064,-76.512841,1,3
P0701,3160637,3,2016,6.255682,-75.542311,1,2
P0702,3160638,3,2016,10.377128,-75.56251,1,5
P0703,3160639,3,2016,1.392317,-77.626329,2,8
P0704,3160640,3,2016,3.502,-76.48891,1,3
P0705,3160641,3,2016,5.60981,-72.761452,2,6
P0706,3160642,3,2016,8.54625,-75.314578,2,9
P0709,3160644,3,2016,4.762232,-74.143464,1,1
P0711,3160646,3,2016,1.82002,-77.029159,2,8
P0713,3160647,3,2016,1.205802,-77.400404,2,8
P0714,3160648,3,2016,4.646285,-74.165709,1,1
P0715,3160649,3,2016,3.400662,-76.415212,1,3
P0716,3160650,3,2016,4.68131,-74.057174,1,1
P0718,3160652,3,2016,1.334102,-77.425456,2,8
P0720,3160654,3,2016,7.067005,-75.521747,2,7
P0721,3160655,3,2016,4.034267,-74.65456,2,1
P0723,3160656,3,2016,4.498639,-74.000375,1,1
P0724,3160657,3,2016,6.058996,-75.543536,1,2
P0725,3160658,3,2016,10.355251,-75.509727,1,5
P0727,3160660,3,2016,8.381668,-75.536681,2,9
P0728,3160661,3,2016,4.616662,-74.033617,1,1
P0729,3160662,3,2016,6.249958,-75.657993,1,2
P0730,3160663,3,2016,3.533578,-76.588274,1,3
P0731,3160664,3,2016,5.862747,-72.580441,2,6
P0732,3160665,3,2016,5.423201,-73.098971,2,6
P0733,3160666,3,2016,4.439536,-74.381262,2,1
P0734,3160667,3,2016,1.427956,-77.571823,2,8
P0735,3160668,3,2016,4.877186,-73.977659,1,1
P0736,3160669,3,2016,5.979692,-72.837439,2,6
P0737,3160670,3,2016,8.417007,-75.224528,2,9
P0738,3160671,3,2016,1.275466,-77.743006,2,8
P0739,3160672,3,2016,8.442505,-75.726079,2,9
P0740,3160673,3,2016,6.358127,-75.642031,1,2
P0741,3160674,3,2016,8.251088,-75.516939,2,9
P0742,3160675,3,2016,7.011941,-76.026017,2,7
P0744,3160677,3,2016,6.07352,-72.949515,2,6
P0746,3160678,3,2016,4.014232,-74.743558,2,1
P0747,3160679,3,2016,6.166276,-75.454196,1,2
P0748,3160680,3,2016,6.168528,-75.538814,1,2
P0749,3160681,3,2016,6.197871,-75.500727,1,2
P0751,3160682,3,2016,3.347951,-76.51856,1,3
P0753,3160683,3,2016,6.149704,-75.582356,1,2
P0754,3160684,3,2016,4.580168,-74.175679,1,1
P0756,3160685,3,2016,7.442075,-74.378484,2,7
P0757,3160686,3,2016,4.623692,-74.077073,1,1
P0759,3160688,3,2016,4.602583,-74.160902,1,1
P0760,3160689,3,2016,3.95983,-74.79646,2,1
P0761,3160690,3,2016,5.925057,-73.037445,2,6
P0764,3160692,3,2016,7.568973,-75.105225,2,7
P0766,3160693,3,2016,4.551233,-74.069929,1,1
P0767,3160694,3,2016,5.961844,-72.338089,2,6
P0768,3160695,3,2016,6.240243,-75.485266,1,2
P0769,3160696,3,2016,3.652385,-75.137802,2,1
P0770,3160697,3,2016,5.917074,-72.670819,2,6
P0772,3160699,3,2016,8.720289,-75.776658,2,9
P0773,3160700,3,2016,3.436699,-76.487307,1,3
P0774,3160701,3,2016,6.266061,-75.667452,1,2
P0775,3160702,3,2016,4.667702,-74.03875,1,1
P0776,3160703,3,2016,11.005583,-74.769589,1,4
P0777,3160704,3,2016,6.094969,-73.012415,2,6
P0778,3160705,3,2016,3.348691,-76.445831,1,3
P0779,3160706,3,2016,10.402961,-75.495472,1,5
P0780,3160707,3,2016,1.761195,-77.943895,2,8
P0781,3160708,3,2016,10.488093,-75.565257,1,5
P0784,3160711,3,2016,4.446603,-73.987899,1,1
P0785,3160712,3,2016,4.73259,-73.989874,1,1
P0786,3160713,3,2016,4.54574,-73.911576,1,1
P0787,3160714,3,2016,4.724562,-74.266428,1,1
P0788,3160715,3,2016,8.431933,-75.774716,2,9
P0789,3160716,3,2016,11.006648,-74.768959,1,4
P0790,3160717,3,2016,7.023392,-75.836662,2,7
P0791,3160718,3,2016,3.855288,-74.449339,2,1
P0792,3160719,3,2016,2.209641,-77.674763,2,8
P0793,3160720,3,2016,4.613274,-73.921953,1,1
P0795,3160722,3,2016,5.757898,-73.037265,2,6
P0798,3160723,3,2016,4.54155,-74.023591,1,1
P0799,3160724,3,2016,6.220784,-75.631163,1,2
P0801,3160726,3,2016,4.711829,-74.112929,1,1
P0803,3160728,3,2016,3.494645,-76.420089,1,3
P0804,3160729,3,2016,4.612309,-74.122879,1,1
P0805,3160730,3,2016,4.734992,-74.100244,1,1
P0806,3160731,3,2016,6.290322,-75.600025,1,2
P0807,3160732,3,2016,3.493384,-76.469058,1,3
P0808,3160733,3,2016,10.99216,-74.79947,1,4
P0809,3160734,3,2016,6.520593,-75.354629,2,7
P0811,3160736,3,2016,1.504724,-77.631296,2,8
P0812,3160737,3,2016,10.965517,-74.781227,1,4
P0813,3160738,3,2016,5.907573,-73.092141,2,6
P0814,3160739,3,2016,6.215955,-75.684373,1,2
P0816,3160741,3,2016,3.755676,-74.683053,2,1
P0817,3160742,3,2016,4.689091,-74.099494,1,1
P0818,3160743,3,2016,7.212166,-75.38881,2,7
P0820,3160745,3,2016,6.33502,-75.577788,1,2
P0823,3160746,3,2016,4.727741,-74.046951,1,1
P0825,3160748,3,2016,8.391752,-75.731849,2,9
P0826,3160749,3,2016,6.775157,-75.896368,2,7
P0827,3160750,3,2016,4.005167,-74.032138,2,1
P0828,3160751,3,2016,6.972023,-76.510316,2,7
P0829,3160752,3,2016,3.358806,-76.586951,1,3
P0830,3160753,3,2016,6.863683,-75.856604,2,7
P0831,3160754,3,2016,1.13574,-77.859456,2,8
P0833,3160756,3,2016,4.646586,-74.025191,1,1
P0834,3160757,3,2016,5.950001,-73.047457,2,6
P0835,3160758,3,2016,6.856837,-75.293694,2,7
P0836,3160759,3,2016,4.242176,-74.844102,2,1
P0837,3160760,3,2016,4.080171,-74.778062,2,1
P0839,3160762,3,2016,6.156203,-75.579616,1,2
P0840,3160763,3,2016,6.290475,-75.585174,1,2
P0841,3160764,3,2016,6.136168,-75.573392,1,2
P0842,3160765,3,2016,3.911241,-74.585924,2,1
P0843,3160766,3,2016,4.587103,-74.132345,1,1
P0844,3160767,3,2016,8.783106,-75.115705,2,9
P0845,3160768,3,2016,3.501482,-76.478015,1,3
P0846,3160769,3,2016,8.030212,-75.597882,2,9
P0847,3160770,3,2016,6.117015,-75.492415,1,2
P0848,3160771,3,2016,4.609732,-74.092034,1,1
P0849,3160772,3,2016,6.219581,-75.511639,1,2
P0850,3160773,3,2016,6.854645,-75.734799,2,7
P0852,3160774,3,2016,6.406223,-75.510177,1,2
P0853,3160775,3,2016,4.053518,-74.005161,2,1
P0854,3160776,3,2016,10.94817,-74.815167,1,4
P0855,3160777,3,2016,4.791628,-74.103488,1,1
P0856,3160778,3,2016,7.177304,-75.356337,2,7
P0857,3160779,3,2016,8.760921,-75.405575,2,9
P0858,3160780,3,2016,10.403106,-75.492319,1,5
P0862,3160782,3,2016,6.109649,-72.896409,2,6
P0864,3160783,3,2016,3.541544,-76.493891,1,3
P0865,3160784,3,2016,7.169728,-75.545536,2,7
P0866,3160785,3,2016,6.256876,-75.515486,1,2
P0867,3160786,3,2016,4.707697,-74.086339,1,1
P0868,3160787,3,2016,4.838616,-73.957147,1,1
P0869,3160788,3,2016,1.373768,-77.687091,2,8
P0870,3160789,3,2016,4.667963,-74.077122,1,1
P0871,3160790,3,2016,4.749855,-74.012155,1,1
P0873,3160791,3,2016,3.503864,-76.530562,1,3
P0874,3160792,3,2016,9.070353,-75.243203,2,9
P0875,3160793,3,2016,10.939682,-74.837466,1,4
P0876,3160794,3,2016,6.214951,-75.574057,1,2
P0878,3160796,3,2016,4.557317,-74.137082,1,1
P0879,3160797,3,2016,3.383729,-76.531448,1,3
P0880,3160798,3,2016,1.529018,-77.267809,2,8
P0882,3160799,3,2016,4.26711,-74.65172,2,1
P0883,3160800,3,2016,4.732592,-74.065514,1,1
P0884,3160801,3,2016,6.26527,-75.567912,1,2
P0886,3160802,3,2016,1.291117,-77.071558,2,8
P0888,3160803,3,2016,3.511622,-76.555548,1,3
P0891,3160805,3,2016,8.563731,-75.634507,2,9
P0892,3160806,3,2016,6.241919,-75.567977,1,2
P0893,3160807,3,2016,5.470806,-73.178694,2,6
P0894,3160808,3,2016,8.747409,-75.246255,2,9
P0895,3160809,3,2016,3.525009,-76.486617,1,3
P0896,3160810,3,2016,10.307968,-75.440134,1,5
P0898,3160812,3,2016,4.196141,-74.66819,2,1
P0899,3160813,3,2016,6.339367,-75.567832,1,2
P0900,3160814,3,2016,4.737793,-74.052003,1,1
P0901,3160815,3,2016,10.348416,-75.47243,1,5
P0903,3160816,3,2016,8.633197,-75.663024,2,9
P0905,3160818,3,2016,4.729225,-74.091786,1,1
P0906,3160819,3,2016,4.762469,-74.132504,1,1
P0910,3160820,3,2016,1.889908,-77.649664,2,8
P0912,3160822,3,2016,1.748865,-76.997195,2,8
P0913,3160823,3,2016,4.128838,-74.33312,2,1
P0914,3160824,3,2016,10.339003,-75.482204,1,5
P0916,3160826,3,2016,4.168318,-74.379154,2,1
P0917,3160827,3,2016,3.53186,-74.691411,2,1
P0919,3160829,3,2016,4.676191,-74.240418,1,1
P0920,3160830,3,2016,7.032321,-75.339505,2,7
P0922,3160831,3,2016,8.859337,-75.477197,2,9
P0923,3160832,3,2016,4.625414,-74.254882,1,1
P0924,3160833,3,2016,4.685964,-74.171252,1,1
P0925,3160834,3,2016,6.237289,-75.53937,1,2
P0926,3160835,3,2016,4.720525,-74.109539,1,1
P0928,3160837,3,2016,6.284206,-75.606577,1,2
P0930,3160838,3,2016,6.990732,-75.524903,2,7
P0932,3160840,3,2016,3.484315,-76.450901,1,3
P0933,3160841,3,2016,1.783533,-77.388757,2,8
P0934,3160842,3,2016,3.983367,-74.643101,2,1
P0935,3160843,3,2016,5.430589,-72.954452,2,6
P0936,3160844,3,2016,4.419612,-74.631012,2,1
P0937,3160845,3,2016,6.871764,-75.557791,2,7
P0938,3160846,3,2016,10.37555,-75.480452,1,5
P0939,3160847,3,2016,10.968497,-74.82056,1,4
P0940,3160848,3,2016,5.659128,-73.012956,2,6
P0942,3160850,3,2016,3.482647,-76.472401,1,3
P0943,3160851,3,2016,5.709446,-72.979042,2,6
P0944,3160852,3,2016,4.71531,-73.979038,1,1
P0945,3160853,3,2016,5.572237,-72.619548,2,6
P0946,3160854,3,2016,6.239874,-73.358383,2,6
P0948,3160856,3,2016,1.646452,-77.55131,2,8
P0949,3160857,3,2016,8.014525,-75.162761,2,9
P0951,3160859,3,2016,4.711281,-73.997811,1,1
P0955,3160861,3,2016,4.535565,-74.074439,1,1
P0956,3160862,3,2016,6.927959,-75.465466,2,7
P0958,3160863,3,2016,10.957231,-74.761402,1,4
P0959,3160864,3,2016,3.458622,-76.502622,1,3
P0960,3160865,3,2016,6.595709,-75.744655,2,7
P0962,3160867,3,2016,6.256553,-75.552245,1,2
P0963,3160868,3,2016,4.64615,-74.117099,1,1
P0964,3160869,3,2016,3.455859,-76.611843,1,3
P0966,3160870,3,2016,10.950476,-74.815683,1,4
P0969,3160873,3,2016,5.934287,-72.956483,2,6
P0970,3160874,3,2016,10.473185,-75.473261,1,5
P0974,3160877,3,2016,5.667885,-72.541277,2,6
P0976,3160879,3,2016,6.859509,-75.679309,2,7
P0977,3160880,3,2016,4.658967,-74.19203,1,1
P0978,3160881,3,2016,6.799492,-74.9965,2,7
P0980,3160882,3,2016,4.246307,-74.612396,2,1
P0981,3160883,3,2016,8.663179,-75.465135,2,9
P0982,3160884,3,2016,6.214316,-75.558218,1,2
P0983,3160885,3,2016,11.003107,-74.830589,1,4
P0985,3160886,3,2016,4.683377,-74.097252,1,1
P0986,3160887,3,2016,3.397629,-76.444603,1,3
P0987,3160888,3,2016,8.629192,-75.878045,2,9
P0988,3160889,3,2016,4.644318,-73.977775,1,1
P0989,3160890,3,2016,10.978184,-74.789143,1,4
P0990,3160891,3,2016,4.648857,-74.116913,1,1
P0991,3160892,3,2016,10.40963,-75.456474,1,5
P0993,3160894,3,2016,10.40566,-75.47004,1,5
P0994,3160895,3,2016,7.242932,-74.564206,2,7
P0995,3160896,3,2016,3.413876,-76.597123,1,3
P0996,3160897,3,2016,8.79368,-75.600573,2,9
P0997,3160898,3,2016,6.200159,-72.577629,2,6
P0999,3160899,3,2016,7.343031,-75.338986,2,7
P1000,3160900,3,2016,6.186179,-75.493493,1,2
